Prediction,Class
0.21927075,0
0.9500695,1
0.02202663,0
0.8431417,1
0.99731076,0
0.791992,1
0.21272746,0
0.9705955,1
0.01607887,0
0.99984145,1
0.00309351,0
0.41039404,1
9.1810125e-06,0
0.9669991,1
2.8185255e-07,0
0.9888321,1
0.00219317,0
0.629274,1
0.00374482,0
0.75665414,1
0.00401489,0
0.9746731,1
0.00599838,0
0.99672914,1
0.22055782,0
0.99528956,1
0.16454314,0
0.97116685,1
0.04969256,0
0.9777309,1
2.9987596e-05,0
0.9981034,1
7.557343e-08,0
0.71024954,1
0.35685262,0
0.86937803,1
1.04543725e-08,0
0.9999145,1
1.9992769e-05,0
0.99998343,1
1.1210648e-07,0
0.99906534,1
0.01609238,0
0.99632806,1
0.0598185,0
0.98729116,1
0.28389862,0
0.4972472,1
0.05263831,0
0.9995982,1
0.32726413,0
0.9998091,1
0.92673266,0
0.5537868,1
0.1419329,0
0.89487123,1
4.156185e-05,0
0.7917939,1
0.01695593,0
0.9751617,1
0.0001388,0
0.8409225,1
0.02749005,0
0.9569426,1
2.4861429e-06,0
0.9999294,1
0.00051653,0
0.13936065,1
0.02956248,0
0.2368513,1
0.39500898,0
0.36453292,1
0.00337341,0
0.95720786,1
2.8921198e-07,0
0.45065647,1
0.77410084,0
0.8790011,1
0.3947721,0
0.40401447,1
0.32058263,0
0.9860044,1
0.0459756,0
0.99982244,1
0.173737,0
0.9599228,1
0.02824914,0
0.99972254,1
0.15312019,0
0.92183334,1
0.00423211,0
0.9969416,1
0.9842302,0
0.19254279,1
6.6787916e-06,0
0.9959656,1
0.67656916,0
0.3065938,1
0.32042345,0
0.04723796,1
0.0399291,0
0.9898599,1
2.7450873e-05,0
0.985835,1
0.2975196,0
0.04782942,1
6.0694107e-05,0
0.99305505,1
0.0230246,0
0.99729437,1
0.00582677,0
0.9978999,1
0.02411814,0
0.6350359,1
0.37025556,0
0.9999783,1
0.5849313,0
0.93384963,1
0.00019448,0
0.9998834,1
5.9561236e-05,0
0.41488296,1
3.2651722e-05,0
0.99996424,1
0.01072667,0
0.9592418,1
0.8888288,0
0.9371271,1
0.06791312,0
0.9961675,1
0.01060095,0
0.9175618,1
0.03652458,0
0.98877126,1
0.86988086,0
0.8066888,1
0.0393703,0
0.99990475,1
0.1410477,0
0.9948849,1
0.00055148,0
0.15563346,1
0.05782223,0
0.00265656,1
0.3227214,0
0.98701257,1
0.00468809,0
0.9968141,1
0.06540564,0
0.9999733,1
0.0155184,0
0.09067443,1
1.0620073e-05,0
0.96616304,1
0.0017792,0
0.04078182,1
0.04053571,0
0.95869094,1
0.04388058,0
0.9997198,1
0.01501327,0
0.906452,1
1.6506219e-07,0
0.8200182,1
0.947761,0
0.9988009,1
0.7413687,0
0.88902444,1
0.02470993,0
0.48038104,1
0.07986625,0
0.7620154,1
0.01779827,0
0.99215686,1
0.01450588,0
0.9469732,1
0.5652102,0
0.94850236,1
0.8875051,0
0.9969505,1
0.00373266,0
0.8176318,1
0.3448398,0
0.9738662,1
0.02491378,0
0.7804566,1
0.09353673,0
0.66762286,1
0.10131321,0
0.9594618,1
0.21235916,0
0.9988887,1
0.45702133,0
0.9258978,1
0.03067804,0
0.660874,1
0.41433865,0
0.98189354,1
0.02603988,0
0.9991448,1
2.444177e-06,0
0.99025774,1
0.05993324,0
0.41975167,1
0.00104736,0
0.9545105,1
0.00267543,0
0.98291147,1
0.00021735,0
0.5381861,1
0.22143055,0
0.03967556,1
0.20017983,0
0.9999659,1
0.0008539,0
0.5213171,1
0.00406836,0
0.7658078,1
3.4421053e-05,0
0.9968266,1
0.01906451,0
0.3478744,1
9.018236e-06,0
0.974661,1
0.00537835,0
0.9968221,1
0.03692065,0
0.6873052,1
0.00191221,0
0.27934512,1
0.02792335,0
0.8304149,1
0.00254163,0
0.8986467,1
1.7388595e-07,0
0.99905294,1
0.9844147,0
0.93925524,1
2.4737763e-05,0
0.809289,1
0.04140894,0
0.9044258,1
0.23355104,0
0.99804497,1
0.3435167,0
0.99939084,1
0.00015478,0
0.99894446,1
0.22127412,0
0.6796246,1
0.02693772,0
0.9996346,1
0.00060952,0
0.10688879,1
0.07979364,0
0.89142376,1
0.6855988,0
0.9997521,1
0.03892541,0
0.9790106,1
0.27871707,0
0.96446204,1
0.02425935,0
0.05522393,1
0.09619388,0
0.9915318,1
0.03281938,0
0.18677501,1
8.13793e-09,0
0.15111063,1
0.02095909,0
0.1836652,1
0.00689019,0
0.3699227,1
0.02776684,0
0.95756507,1
5.925882e-05,0
0.9989699,1
5.105393e-05,0
0.33086798,1
0.35542384,0
0.9498867,1
3.399865e-07,0
0.99923646,1
0.06481998,0
0.00427773,1
0.84418523,0
0.84711754,1
0.01476848,0
0.39208418,1
0.07848344,0
0.9142027,1
2.6749497e-06,0
0.20590793,1
0.16564481,0
0.9982116,1
3.058815e-07,0
0.93171674,1
0.48361048,0
0.8092021,1
0.05286554,0
0.9993837,1
0.00148241,0
0.97221124,1
4.091018e-05,0
0.9020284,1
0.13580784,0
0.9627994,1
0.17006357,0
0.9999913,1
0.10832562,0
0.4704967,1
0.08986998,0
0.9155762,1
1.0891689e-07,0
0.97279537,1
6.998714e-05,0
0.9837825,1
0.05696482,0
0.99231815,1
5.522833e-06,0
0.9392973,1
0.02958599,0
0.99074554,1
0.03467127,0
0.5863352,1
0.00394954,0
0.55364007,1
0.3621998,0
0.9605027,1
0.3792467,0
0.57997614,1
0.196669,0
0.8592354,1
0.009939,0
0.52581,1
0.00625967,0
0.91206276,1
0.7176619,0
0.99826163,1
0.13031577,0
0.33231786,1
0.01282572,0
0.99975306,1
0.17286256,0
0.99651563,1
0.00968146,0
0.9516627,1
0.5737262,0
0.99760556,1
0.8825451,0
0.9990164,1
1.5861795e-08,0
0.95610607,1
0.0546949,0
0.9995048,1
0.00816978,0
0.98251075,1
0.19046797,0
0.99987316,1
9.9906785e-05,0
0.95259774,1
0.08813902,0
0.42475286,1
0.0161138,0
0.05009107,1
0.15879591,0
0.9950122,1
0.00152274,0
0.8531391,1
0.00161952,0
0.99372065,1
0.22875573,0
0.9973564,1
1.3188869e-06,0
0.48107255,1
0.17774662,0
0.9107245,1
0.29939312,0
0.97761863,1
0.02023531,0
0.8821214,1
0.01135886,0
0.99891067,1
0.00091821,0
0.3533091,1
1.0647408e-06,0
0.9971289,1
1.535654e-05,0
0.53409207,1
0.1710889,0
0.99834895,1
0.2745305,0
0.9441795,1
0.22397372,0
0.9637535,1
0.0001556,0
0.9616714,1
0.324477,0
0.99158114,1
0.00042235,0
0.04656664,1
0.00452549,0
0.9256796,1
0.31018743,0
0.02098962,1
1.6594086e-07,0
0.9986846,1
0.03705081,0
0.9425056,1
0.6535301,0
0.9918367,1
0.00371855,0
0.59177464,1
0.00095045,0
0.5712713,1
0.20513718,0
0.9836977,1
0.4936093,0
0.9753665,1
0.9434989,0
0.22344248,1
0.18125506,0
0.19617817,1
0.00197026,0
0.80110973,1
0.60430163,0
0.99970347,1
0.73164696,0
0.9981115,1
4.8566817e-06,0
0.78538567,1
0.00198102,0
0.99815184,1
0.24000992,0
0.90384907,1
0.00892783,0
0.8997139,1
0.1203573,0
0.9926167,1
0.00835531,0
0.24014457,1
7.725528e-05,0
0.96995294,1
0.51145583,0
0.99699724,1
0.14519642,0
0.4073322,1
0.10579076,0
0.99476236,1
0.00082619,0
0.9998252,1
0.66049117,0
0.9983461,1
0.00067889,0
0.99177575,1
0.10876964,0
0.9999293,1
1.8752446e-05,0
0.47961646,1
0.0292975,0
0.80241704,1
0.01384538,0
0.9938875,1
0.99903667,0
0.92663234,1
0.419217,0
0.989684,1
0.07370931,0
0.45415258,1
0.92507124,0
0.9377926,1
0.2210051,0
0.9986469,1
3.5990117e-05,0
0.9898525,1
0.01374314,0
0.99521434,1
0.00150516,0
0.37469614,1
0.8912145,0
0.8300573,1
0.014356,0
0.999967,1
2.012903e-10,0
0.9924117,1
0.41506284,0
0.6366578,1
0.0310905,0
0.9867763,1
0.22141948,0
0.9985268,1
0.00089978,0
0.99919754,1
0.31559762,0
0.9893993,1
4.0724117e-06,0
0.9757,1
0.3955028,0
0.9961635,1
0.03093534,0
0.99887127,1
2.1016047e-06,0
0.99986947,1
0.01891079,0
0.00175754,1
0.08257952,0
0.996185,1
0.13185261,0
0.9983596,1
0.2355264,0
0.9991856,1
0.00038693,0
0.94290626,1
0.00093057,0
0.9955888,1
0.00029349,0
0.34859896,1
0.79468143,0
0.978118,1
0.2539293,0
0.40952936,1
8.771588e-06,0
0.8739417,1
0.00148488,0
0.9977695,1
0.1322958,0
0.99651057,1
0.06211734,0
0.9970023,1
0.00020044,0
0.9480127,1
5.3638065e-08,0
0.9999759,1
0.00115646,0
0.08251546,1
0.03923997,0
0.99439114,1
0.0310496,0
0.99947244,1
0.00577674,0
0.14617111,1
0.09119271,0
0.99476516,1
0.7216583,0
0.5665476,1
0.6444303,0
0.00920578,1
0.04639737,0
0.9727295,1
0.01909846,0
0.99757963,1
0.01539165,0
0.7020966,1
0.17779951,0
0.9427831,1
0.15011021,0
0.03862596,1
0.307418,0
0.996332,1
0.11671973,0
0.9560325,1
0.03247508,0
0.9872961,1
0.11983178,0
0.99876595,1
0.03973925,0
0.10083826,1
0.4557756,0
0.07682955,1
3.3928202e-07,0
0.06719403,1
0.23737179,0
0.4693866,1
0.1246993,0
0.06274562,1
0.21911655,0
0.26406953,1
0.08827156,0
0.856619,1
0.00393896,0
0.9999651,1
0.01048245,0
0.9841411,1
0.86120087,0
0.7757725,1
0.7387751,0
0.987437,1
0.06479105,0
0.9976555,1
0.07357548,0
0.9172235,1
0.9621516,0
0.9999536,1
0.31530365,0
0.99999547,1
0.13959931,0
0.80190575,1
0.00049234,0
0.6407991,1
1.4269873e-05,0
0.99102,1
0.8820157,0
0.9532392,1
4.8080445e-05,0
0.98651046,1
0.01136295,0
0.9202298,1
0.0031993,0
0.99999774,1
0.23325309,0
0.93357426,1
0.2775544,0
0.99531317,1
0.12436485,0
0.46880272,1
3.3240553e-06,0
0.73494124,1
3.333125e-05,0
0.9910091,1
0.28000492,0
0.99813807,1
0.00024835,0
0.9999554,1
1.8656603e-05,0
0.82838887,1
0.14141862,0
0.9793306,1
0.13267083,0
0.99283993,1
5.7714846e-08,0
0.9996513,1
8.344161e-06,0
0.97194177,1
0.01058234,0
0.7903105,1
0.9192403,0
0.99986386,1
0.00795548,0
0.9998393,1
2.1931706e-05,0
0.7840883,1
1.1781409e-07,0
0.9962758,1
0.23084758,0
0.26652944,1
0.00022801,0
0.8025338,1
8.143425e-05,0
0.9766004,1
0.99075174,0
0.5649343,1
0.9076632,0
0.6351111,1
0.08228993,0
0.9433635,1
0.04971705,0
0.999783,1
0.01288151,0
0.9950647,1
4.2564665e-05,0
0.8280093,1
1.0199379e-05,0
0.9491524,1
0.03353529,0
0.13662365,1
0.10192616,0
0.9772274,1
7.10467e-05,0
0.9936259,1
3.4871388e-07,0
0.03141219,1
1.7298915e-05,0
0.9475438,1
0.0074001,0
0.7801029,1
0.7353066,0
0.99581087,1
0.03527518,0
0.9928589,1
0.00101157,0
0.4617242,1
0.03168863,0
0.9047539,1
0.8645486,0
0.99823594,1
0.00287757,0
0.99988866,1
3.5002728e-07,0
0.00447193,1
0.00651931,0
0.9762732,1
0.41466957,0
0.14204001,1
0.10368051,0
0.50289696,1
0.00015696,0
0.8546285,1
0.4658566,0
0.9984647,1
0.31762406,0
0.8069921,1
5.724996e-05,0
0.7817584,1
0.00213346,0
0.99949074,1
0.21534982,0
0.43083,1
0.02133573,0
0.9992895,1
0.29744384,0
0.77558774,1
0.45848417,0
0.0303728,1
0.02292108,0
0.8717029,1
5.2421556e-06,0
0.646347,1
0.84332937,0
0.81904304,1
0.00025048,0
0.99141395,1
0.29383695,0
0.98704696,1
1.2563594e-05,0
0.9405316,1
0.9520215,0
0.7124151,1
0.00049583,0
0.9865463,1
1.867927e-07,0
0.9938518,1
0.01213317,0
0.9617138,1
0.13983804,0
0.99406564,1
0.04774266,0
0.9994586,1
0.6625381,0
0.99965084,1
0.00902984,0
0.99982184,1
0.21555945,0
0.97674835,1
0.37699163,0
0.9998741,1
0.8505328,0
0.80745715,1
0.00025637,0
0.9230451,1
0.01476082,0
0.98004454,1
0.01092602,0
0.02499432,1
0.00046575,0
0.8998505,1
2.9033255e-05,0
0.9990884,1
0.9976428,0
0.9982015,1
0.58701426,0
0.9972338,1
0.81472397,0
0.9957008,1
0.01613786,0
0.999969,1
0.00107634,0
0.8554284,1
1.4247612e-06,0
0.00441039,1
1.7515788e-09,0
0.9979977,1
3.3774597e-07,0
0.99968255,1
0.1689108,0
0.9601896,1
0.07594538,0
0.95308423,1
2.1971853e-07,0
0.99284863,1
0.00670401,0
0.9525748,1
0.02607863,0
0.99282986,1
4.188497e-05,0
0.955866,1
0.9986228,0
0.31916568,1
0.00505567,0
0.14103737,1
0.15471679,0
0.9686225,1
7.962201e-06,0
0.99943846,1
0.53399664,0
0.7554853,1
0.09888554,0
0.9845583,1
0.01451341,0
0.9862396,1
0.00041257,0
0.99998176,1
0.99915266,0
0.99600035,1
0.00190011,0
0.8754662,1
0.07935403,0
0.9980254,1
8.76012e-08,0
0.9999238,1
0.79509616,0
0.9803052,1
0.4408735,0
0.9999759,1
3.870589e-05,0
0.9993598,1
2.4303742e-07,0
0.91064227,1
0.01942855,0
0.69090706,1
0.08511315,0
0.00324139,1
0.8273677,0
0.97956216,1
5.344215e-07,0
0.9207219,1
5.7034664e-05,0
0.9501685,1
0.1970126,0
0.03475279,1
0.012633,0
0.41557416,1
0.05807876,0
0.85247207,1
1.2143125e-06,0
0.92373616,1
0.01531335,0
0.99879044,1
0.03448518,0
0.88890857,1
0.0020523,0
0.96186185,1
0.10718745,0
0.5827849,1
0.00100245,0
0.9784303,1
0.00043723,0
0.9882705,1
0.9864253,0
0.99463105,1
0.07606088,0
0.14877506,1
0.0001903,0
0.9986234,1
0.02039647,0
0.9987639,1
6.5638545e-05,0
0.90158856,1
0.02827641,0
0.9887085,1
0.01550248,0
0.99983513,1
0.00012921,0
0.96589416,1
0.36408415,0
0.9996898,1
2.8880659e-05,0
0.94418883,1
0.7699625,0
0.04678158,1
0.14495003,0
0.9069246,1
0.00908157,0
0.9977443,1
0.427546,0
0.9978249,1
0.00240132,0
0.56859237,1
7.17434e-06,0
0.00339149,1
0.79124063,0
0.55589664,1
1.2607455e-06,0
0.998789,1
0.23051897,0
0.03486084,1
1.292267e-05,0
0.94933105,1
0.30028307,0
0.99996376,1
0.33779147,0
0.06366566,1
0.18673986,0
0.9990557,1
0.02647156,0
0.9962529,1
0.17051211,0
0.98820066,1
0.04657088,0
0.9599507,1
1.2140956e-07,0
0.99894863,1
5.9604577e-07,0
0.99985707,1
0.03279234,0
0.9323311,1
0.11649346,0
0.99998426,1
1.7127221e-06,0
0.9883936,1
0.23285374,0
0.9999974,1
0.234207,0
0.9835458,1
0.13160597,0
0.9824959,1
0.22177806,0
0.9919333,1
0.00032698,0
0.999169,1
0.69574946,0
0.69945043,1
1.337559e-06,0
0.9908408,1
0.04739491,0
0.3511522,1
0.03111017,0
0.9999604,1
0.96448606,0
0.07026261,1
0.08135122,0
0.9974049,1
0.45226243,0
0.89958715,1
0.05268073,0
0.06510764,1
0.03512046,0
0.6569631,1
0.12394782,0
0.9999813,1
0.02029901,0
0.99997556,1
4.298641e-06,0
0.9990816,1
0.4037062,0
0.8287313,1
0.75394666,0
0.78997433,1
0.06798319,0
0.9984389,1
0.53319013,0
0.02396045,1
0.14735757,0
0.9999956,1
0.2899548,0
0.4932239,1
2.8679328e-06,0
0.9946209,1
0.25228995,0
0.8704738,1
0.8512258,0
0.9615856,1
0.01206864,0
0.67413723,1
0.14736712,0
0.9965557,1
2.6158816e-05,0
0.9812174,1
0.08579352,0
0.9913118,1
2.302378e-07,0
0.99619305,1
0.20560497,0
0.89540607,1
0.7997988,0
0.92461574,1
0.20048484,0
0.7202516,1
1.4438946e-05,0
0.99986506,1
6.2551436e-07,0
0.9997944,1
7.19607e-07,0
0.99964106,1
0.80794793,0
0.65497285,1
0.9630921,0
0.9880127,1
0.12097697,0
0.9999926,1
0.26034218,0
0.97595847,1
0.02822986,0
0.9988642,1
1.0653904e-05,0
0.41287795,1
4.80419e-05,0
0.9975561,1
0.0001035,0
0.9997271,1
0.01027173,0
0.54534334,1
0.00851906,0
0.95311844,1
9.509909e-06,0
0.3618051,1
0.01685464,0
0.95350415,1
2.0298057e-05,0
0.8449028,1
0.02750271,0
0.9997267,1
0.00182004,0
0.9983193,1
3.552988e-05,0
0.2630457,1
0.00338611,0
0.59094524,1
1.5441758e-07,0
0.9913121,1
0.02269266,0
0.9940621,1
0.03533975,0
0.00218427,1
0.00020307,0
0.98896897,1
0.02446469,0
0.9980738,1
0.10468304,0
0.5552611,1
0.4987201,0
0.9272922,1
0.6744156,0
0.9327659,1
0.23710664,0
0.3201794,1
0.9197891,0
0.97888,1
0.19855157,0
0.80754447,1
2.2245696e-07,0
0.9580002,1
0.02002754,0
0.9809542,1
0.08788001,0
0.89808446,1
2.0274398e-05,0
0.993757,1
0.03217124,0
0.9352441,1
0.96375686,0
0.9718597,1
0.28683615,0
0.18495378,1
0.07234357,0
0.9953424,1
0.09025057,0
0.9991774,1
0.03220154,0
0.9941082,1
9.008775e-05,0
0.92362857,1
0.00048478,0
0.99988616,1
0.09541908,0
0.36542836,1
0.03890311,0
0.11444088,1
0.6986815,0
0.99897265,1
2.0884461e-10,0
0.9979893,1
0.0122081,0
0.5083672,1
0.00114464,0
0.9925512,1
0.29513597,0
0.9988537,1
3.6558876e-07,0
0.99066585,1
0.00368854,0
0.62551266,1
0.99703336,0
0.99908936,1
0.04191826,0
0.99120563,1
0.01315055,0
0.99988806,1
5.586278e-09,0
0.0636946,1
5.4970727e-08,0
0.9995541,1
0.00138372,0
0.9425994,1
0.1309163,0
0.99302673,1
0.00402181,0
0.9995227,1
0.81459475,0
0.9995419,1
0.00150686,0
0.9796679,1
9.336841e-09,0
0.9141761,1
0.66252136,0
0.9987281,1
0.01578569,0
0.9074253,1
0.16448739,0
0.955936,1
0.00023337,0
0.9953466,1
0.00018248,0
0.8972974,1
0.02480321,0
0.9995491,1
0.46003124,0
0.5984036,1
0.05848296,0
0.9575289,1
0.997905,0
0.12483574,1
0.01200822,0
0.5840524,1
0.00085958,0
0.9361074,1
0.22468089,0
0.92976564,1
0.00032766,0
0.16868128,1
0.84617925,0
0.99456716,1
1.4220776e-05,0
0.96091837,1
3.3445666e-10,0
0.9682454,1
0.00023914,0
0.97595435,1
0.10472501,0
0.9990361,1
0.9655857,0
0.9999987,1
2.7119373e-08,0
0.9527044,1
0.22336265,0
0.99909854,1
0.00529677,0
0.999589,1
4.7820283e-08,0
0.91090983,1
0.0384129,0
0.99883264,1
4.162821e-08,0
0.9729844,1
0.17932716,0
0.9957573,1
0.00019558,0
0.9960167,1
0.23784876,0
0.8456363,1
0.00110629,0
0.99610245,1
0.03798665,0
0.9971072,1
0.04497422,0
0.99840325,1
0.07728686,0
0.9995153,1
0.01060364,0
0.9981623,1
0.6211977,0
0.9987895,1
0.01365105,0
0.87164927,1
0.07050081,0
0.92474645,1
0.04673208,0
0.97713715,1
0.16424459,0
0.7130783,1
0.03679084,0
0.99125236,1
0.7442613,0
0.89041436,1
0.00350577,0
0.99983895,1
0.00052241,0
0.48511052,1
0.99248296,0
0.9986505,1
0.17505634,0
0.9935963,1
4.4078906e-08,0
0.979202,1
0.26179263,0
0.89817375,1
0.00622586,0
0.05924319,1
7.493257e-05,0
0.6165208,1
0.16152607,0
0.36709383,1
0.8862367,0
0.22581631,1
0.5060872,0
0.98932624,1
0.4782196,0
0.99718815,1
0.00032199,0
0.6111472,1
0.03180587,0
0.99749774,1
0.25696594,0
0.40834787,1
0.06631878,0
0.9854833,1
0.01285504,0
0.6714789,1
0.00491313,0
0.9992293,1
0.00413353,0
0.9978587,1
0.00457304,0
0.9988457,1
2.2118066e-08,0
0.74297786,1
0.01751606,0
0.9989422,1
0.00753627,0
0.9998963,1
8.306941e-05,0
0.7608489,1
0.00015999,0
0.9004734,1
0.7706997,0
0.999982,1
0.76402384,0
0.9991372,1
0.07832951,0
0.44507742,1
0.00039302,0
0.99929464,1
0.00011658,0
0.6895601,1
0.07365299,0
0.9901029,1
0.90013486,0
0.96089286,1
0.19894107,0
0.8867636,1
0.9966007,0
0.9998673,1
0.00134311,0
0.9984281,1
0.1514852,0
0.9993401,1
3.6408673e-07,0
0.9957761,1
9.267291e-06,0
0.99954057,1
0.71153116,0
0.999456,1
0.15442617,0
0.9633159,1
0.00226428,0
0.97315425,1
0.01078602,0
0.997577,1
0.02782899,0
0.99966085,1
0.00050766,0
0.95499814,1
0.02576305,0
0.28022498,1
6.20318e-06,0
0.999027,1
0.04088424,0
0.9970686,1
0.02197315,0
0.9948266,1
0.00033326,0
0.99163693,1
0.00126375,0
0.991148,1
0.4363721,0
0.9908568,1
0.0005353,0
0.91807157,1
0.01949068,0
0.5481579,1
0.03566753,0
0.99566674,1
5.814533e-06,0
0.8625467,1
7.852295e-06,0
0.950131,1
0.34188226,0
0.48068616,1
0.0001884,0
0.98895615,1
0.00060805,0
0.7866398,1
0.3586259,0
0.9999263,1
0.00326022,0
0.95757043,1
0.67650664,0
0.99629396,1
0.92418957,0
0.9993494,1
0.05685509,0
0.9831509,1
0.25570005,0
0.99999094,1
0.00026464,0
0.25110584,1
0.70053506,0
0.9822503,1
0.25649053,0
0.9142029,1
7.926387e-05,0
0.17350386,1
0.12465867,0
0.7980962,1
0.02541441,0
0.9339175,1
0.06530854,0
0.9995285,1
3.4143424e-05,0
0.9997912,1
1.2635148e-07,0
0.96174407,1
0.00318989,0
0.4803591,1
0.11033693,0
0.84356314,1
0.00773683,0
0.6771552,1
0.46602002,0
0.9459991,1
5.7432903e-10,0
0.96137476,1
0.00130927,0
0.98893625,1
0.36847016,0
0.98542887,1
0.02683353,0
0.9934116,1
0.1215392,0
0.4402231,1
0.32607004,0
0.99422544,1
2.627576e-06,0
0.9545957,1
0.3291802,0
0.15399018,1
3.8199556e-05,0
0.4644769,1
0.0355426,0
0.99895525,1
0.00044484,0
0.99902916,1
0.4817491,0
0.98526347,1
8.78082e-06,0
0.998298,1
0.11157557,0
0.960777,1
1.6649337e-10,0
0.99975437,1
0.06231038,0
0.70087826,1
0.02456954,0
0.28289732,1
1.4160179e-08,0
0.9804357,1
2.5443003e-05,0
0.9995234,1
3.726726e-05,0
0.99776816,1
0.02159998,0
0.99961203,1
0.10695502,0
0.00200742,1
3.274419e-06,0
0.99948645,1
0.69904697,0
0.34717104,1
5.464756e-05,0
0.999861,1
0.04998192,0
0.9999721,1
5.253251e-05,0
0.5074242,1
6.4963057e-10,0
0.7884046,1
3.1469302e-05,0
0.9543358,1
0.00468384,0
0.999864,1
0.10880528,0
0.99987817,1
0.00359354,0
0.9999311,1
0.0743065,0
0.9723823,1
0.85709727,0
0.8991054,1
0.04090582,0
0.96762687,1
0.02700225,0
0.98146087,1
0.03277477,0
0.99970716,1
3.865373e-06,0
0.99797577,1
0.01709796,0
0.71974576,1
0.00659367,0
0.34620228,1
1.5466739e-07,0
0.99744344,1
0.00029442,0
0.99404174,1
0.00027468,0
0.8935163,1
0.0267233,0
0.9220973,1
0.02685821,0
0.9578851,1
0.76415384,0
0.99996316,1
0.05228678,0
0.9986897,1
0.00138809,0
0.9872958,1
1.8836742e-08,0
0.99798715,1
0.9988293,0
0.7937104,1
0.00213807,0
0.99956864,1
2.1911035e-10,0
0.99998534,1
0.98939604,0
0.98505336,1
0.39400113,0
0.10507998,1
3.7977093e-06,0
0.9368602,1
0.15733624,0
0.98764986,1
7.4290035e-08,0
0.35188383,1
0.00748782,0
0.9992705,1
0.6474905,0
0.40452835,1
0.11764727,0
0.5018586,1
0.00353752,0
0.849252,1
0.2618362,0
0.9917463,1
0.34601,0
0.5471529,1
0.00533352,0
0.5634476,1
0.001254,0
0.9999993,1
0.9159065,0
0.9422877,1
0.00012782,0
0.63304734,1
5.774931e-07,0
0.996557,1
2.867936e-07,0
0.97570115,1
0.01960232,0
0.8970656,1
0.17256123,0
0.98746127,1
0.00091243,0
0.9903571,1
0.29497907,0
0.99975127,1
0.03252497,0
0.24808162,1
1.5130571e-07,0
0.99598145,1
0.00337418,0
0.9361617,1
0.00865593,0
0.26634145,1
0.02310495,0
0.6213019,1
0.14822227,0
0.98099744,1
7.954858e-05,0
0.8110366,1
0.00117471,0
0.970199,1
0.01108957,0
0.9974765,1
3.6728088e-06,0
0.99684095,1
1.3509681e-05,0
0.99975437,1
0.87410873,0
0.89779496,1
0.9760886,0
0.9241861,1
4.3123947e-07,0
0.8848946,1
0.1603263,0
0.7526088,1
0.08152072,0
0.9966546,1
0.05923734,0
0.03386153,1
0.70722944,0
0.99475515,1
0.26373753,0
0.9995757,1
2.4811618e-06,0
0.84874624,1
0.00333599,0
0.99919266,1
0.00221417,0
0.99978465,1
0.01527948,0
0.02763554,1
0.04448287,0
0.9236604,1
0.84288025,0
0.2865435,1
0.95814323,0
0.96648806,1
0.98614246,0
0.4108557,1
0.0038397,0
0.9999796,1
4.1988066e-09,0
0.858282,1
0.00276627,0
0.99945205,1
0.34541136,0
0.748911,1
0.00333069,0
0.25684097,1
7.343397e-07,0
0.41019246,1
2.158383e-05,0
0.96926147,1
0.87067854,0
0.999526,1
0.4499306,0
0.76607585,1
3.947411e-08,0
0.9840845,1
0.00061312,0
0.9964748,1
6.1261308e-06,0
0.99986553,1
0.5669763,0
0.8715196,1
0.31717503,0
0.9956786,1
0.00790429,0
0.9748769,1
6.32999e-05,0
0.9963159,1
0.10313906,0
0.95751935,1
0.13544765,0
0.9916367,1
0.51875716,0
0.378449,1
0.01405848,0
0.9999255,1
0.01221081,0
0.97113717,1
0.7880035,0
0.7381546,1
0.00020311,0
0.99928254,1
0.02716729,0
0.9998965,1
0.01184582,0
0.99948007,1
0.87216574,0
0.9994603,1
0.00055293,0
0.9754201,1
0.00143265,0
0.92492455,1
0.48758084,0
0.99978155,1
0.05297792,0
0.99760485,1
0.99010193,0
0.989335,1
0.00044446,0
0.8525741,1
0.02566861,0
0.9850675,1
0.00724084,0
0.96081924,1
0.00033952,0
0.97170854,1
2.9261108e-07,0
0.9734605,1
0.00116996,0
0.39590734,1
0.36358386,0
0.4915446,1
0.00229174,0
0.94745356,1
0.7959852,0
0.95821196,1
4.501946e-07,0
0.99288225,1
0.72421306,0
0.9994024,1
0.33670825,0
0.92244816,1
0.20707454,0
0.99478275,1
0.9048989,0
0.37069386,1
6.8188174e-06,0
0.9998431,1
0.55911607,0
0.75459963,1
0.33554226,0
0.991168,1
0.0012583,0
0.12790246,1
0.00225564,0
0.10468984,1
0.0214017,0
0.99784195,1
0.6447568,0
0.9998584,1
0.00813108,0
0.9871343,1
0.6945225,0
0.44697455,1
0.7118873,0
0.4780069,1
1.9062829e-05,0
0.39901313,1
0.07191403,0
0.9992212,1
0.5777258,0
0.99993324,1
0.63391155,0
0.99175453,1
0.5268564,0
0.99557316,1
0.00257,0
0.99971014,1
0.01251784,0
0.9522499,1
0.18944521,0
0.09880132,1
0.00056778,0
0.99865496,1
0.10338813,0
0.9982646,1
0.11311784,0
0.97576493,1
7.313608e-06,0
0.9985043,1
0.00552367,0
0.97910964,1
0.06121089,0
0.85406524,1
9.363527e-06,0
0.90390176,1
0.00015406,0
0.66132694,1
0.07262039,0
0.99901485,1
0.00011434,0
0.9999423,1
0.04477885,0
0.9995479,1
0.21342978,0
0.9901626,1
0.46674696,0
0.99766374,1
0.9810439,0
0.8820436,1
0.01395332,0
0.99909925,1
0.08616503,0
0.40760073,1
0.13227546,0
0.90976524,1
0.00065334,0
0.9866736,1
0.8094014,0
0.9997106,1
0.14007254,0
0.99935657,1
8.7281975e-08,0
0.96886754,1
0.04956758,0
0.6203629,1
0.03179704,0
0.8933512,1
0.78761697,0
0.9976413,1
1.0948371e-05,0
0.318922,1
0.16208403,0
0.9922122,1
0.00038847,0
0.9949457,1
0.03770211,0
0.9935848,1
0.00083126,0
0.46608987,1
0.01902773,0
0.95969635,1
0.01979795,0
0.9761568,1
0.7717987,0
0.9963999,1
7.899576e-07,0
0.9456671,1
0.00012807,0
0.99445844,1
0.00417428,0
0.8690442,1
7.0699934e-06,0
0.9999026,1
0.03182821,0
0.999624,1
1.991028e-07,0
0.99478394,1
0.00538764,0
0.9902823,1
0.01877057,0
0.0566446,1
0.16945244,0
0.40696296,1
0.00048305,0
0.9306069,1
0.0144515,0
0.1681832,1
0.02224485,0
0.99044997,1
0.0012652,0
0.3475184,1
0.0094143,0
0.9934856,1
0.04228891,0
0.9015156,1
9.0067115e-10,0
0.97772765,1
0.129264,0
0.9046641,1
1.3882184e-09,0
0.99111533,1
0.00082443,0
0.99983454,1
1.885027e-05,0
0.99930775,1
0.32044396,0
0.9502565,1
0.3365905,0
0.99833506,1
0.18146451,0
0.94284034,1
0.00013449,0
0.32442492,1
0.14076374,0
0.6267822,1
1.5767012e-07,0
0.97725016,1
0.00323708,0
0.9850435,1
0.02321992,0
0.99982387,1
0.3384583,0
0.4147977,1
0.0882256,0
0.21258652,1
0.00099332,0
0.99997425,1
0.11326591,0
0.96794,1
0.02752209,0
0.37069938,1
0.05574084,0
0.96447664,1
0.00093005,0
0.48207787,1
3.1653173e-09,0
0.88378185,1
0.09238493,0
0.7653185,1
0.03170927,0
0.99964917,1
0.03990003,0
0.5653804,1
0.26152265,0
0.9961455,1
0.05609566,0
0.999086,1
0.00046556,0
0.99962175,1
0.99927336,0
0.9966703,1
0.00013697,0
0.9125541,1
0.15144275,0
0.9985827,1
0.05638045,0
0.99482816,1
0.20278992,0
0.9620025,1
4.2516085e-06,0
0.99837697,1
0.0548692,0
0.99802846,1
0.99821645,0
0.05357933,1
0.08645009,0
0.18761122,1
0.2691068,0
0.37476078,1
9.442839e-05,0
0.99912685,1
0.00882935,0
0.99993217,1
4.0696602e-07,0
0.99991477,1
0.06407128,0
0.9849086,1
0.07327866,0
0.99002796,1
0.48626387,0
0.8868588,1
0.10626277,0
0.9997003,1
0.03896657,0
0.98942834,1
1.426557e-07,0
0.9997944,1
0.00013395,0
0.99939585,1
0.16930915,0
0.96444374,1
0.00800651,0
0.9713289,1
8.981301e-11,0
0.9990101,1
0.00026837,0
0.9916603,1
0.2516641,0
0.9988906,1
0.15829206,0
0.6985085,1
0.01744693,0
0.7266989,1
0.03845965,0
0.58333784,1
0.35510322,0
0.10220066,1
0.64884436,0
0.4677179,1
0.01614035,0
0.9973569,1
0.19162063,0
0.9975688,1
9.203758e-05,0
0.9940176,1
0.00117484,0
0.9299255,1
0.00940537,0
0.9730258,1
0.4870958,0
0.99989283,1
0.01482007,0
0.9620063,1
0.27024102,0
0.33148172,1
0.06604178,0
0.5428661,1
0.03199227,0
0.99933404,1
0.3502804,0
0.36483255,1
0.00225103,0
0.61366475,1
1.2182692e-05,0
0.95889455,1
0.01631398,0
0.8205466,1
0.02746394,0
0.25909454,1
0.00051369,0
0.9668392,1
0.01480384,0
0.9911357,1
0.00364508,0
0.9996977,1
0.0003948,0
0.61306685,1
0.02622788,0
0.16727251,1
0.1629162,0
0.9614145,1
5.1660514e-08,0
0.47437915,1
0.07416674,0
0.99995434,1
0.04125218,0
0.9997272,1
0.00308772,0
0.31949323,1
0.03092899,0
0.8248402,1
0.89035946,0
0.99754375,1
0.4503733,0
0.8671024,1
0.07256468,0
0.6876354,1
0.07228875,0
0.9993218,1
8.318665e-05,0
0.99896014,1
2.5157433e-07,0
0.99902046,1
0.00060859,0
0.97791934,1
0.07507515,0
0.97782975,1
0.02067621,0
0.00393217,1
5.1389503e-05,0
0.58055925,1
0.02660573,0
0.99977654,1
0.0001193,0
0.36164564,1
0.00246483,0
0.7167226,1
0.48469284,0
0.9384241,1
0.00436819,0
0.46254084,1
0.74566865,0
0.77857894,1
0.02244579,0
0.9969007,1
0.12806186,0
0.9479285,1
3.573072e-08,0
0.9871956,1
1.504275e-07,0
0.8378057,1
0.15935877,0
0.9997408,1
0.00255943,0
0.99570954,1
6.942101e-05,0
0.99982697,1
0.5569199,0
0.8290722,1
4.9030796e-10,0
0.9990061,1
0.00570288,0
0.9708548,1
4.4843088e-07,0
0.9923883,1
0.968367,0
0.9760207,1
2.340045e-07,0
0.96115255,1
0.07132987,0
0.99986744,1
0.47061494,0
0.998769,1
0.1061825,0
0.9707619,1
0.00192459,0
0.99975866,1
0.04115227,0
0.9996501,1
0.02056449,0
0.99351877,1
0.86423194,0
0.99263906,1
0.06412724,0
0.8450532,1
1.4933994e-10,0
0.9993911,1
0.01244622,0
0.4597628,1
0.02617293,0
0.30237457,1
0.05068453,0
0.9993907,1
0.00619588,0
0.9978363,1
0.20747669,0
0.99865997,1
0.00304584,0
0.9724955,1
0.00013961,0
0.8679324,1
0.12331644,0
0.28419116,1
0.07796443,0
0.9951845,1
0.16006756,0
0.9040208,1
0.12612747,0
0.03960969,1
0.00066865,0
0.9996381,1
0.02795302,0
0.9989054,1
0.7427505,0
0.9959726,1
0.57304126,0
0.15087304,1
0.9824149,0
0.9624764,1
0.00193879,0
0.9824479,1
0.04604015,0
0.31751347,1
0.00032965,0
0.886361,1
0.06132719,0
0.98530316,1
0.09636996,0
0.9942983,1
0.0450939,0
0.9533726,1
0.005594,0
0.9914346,1
5.7817097e-06,0
0.980981,1
5.23798e-10,0
0.6140261,1
0.00037862,0
0.05653888,1
0.23444311,0
0.26425782,1
0.01444426,0
0.9910165,1
0.44807148,0
0.34811357,1
4.0985546e-05,0
0.97999555,1
1.3571694e-06,0
0.07597051,1
1.0535338e-05,0
0.99916506,1
4.198707e-05,0
0.99978715,1
0.06397022,0
0.999233,1
1.1963806e-06,0
0.0955348,1
0.03207226,0
0.99989116,1
0.03111173,0
0.9915141,1
0.00016741,0
0.99131376,1
0.0320621,0
0.99097013,1
7.0992564e-07,0
0.9985574,1
2.1930195e-07,0
0.9989779,1
0.00251069,0
0.9997812,1
3.328408e-05,0
0.35705593,1
0.15879375,0
0.8740593,1
0.08651915,0
0.9960907,1
1.1402138e-08,0
0.9923322,1
0.00183258,0
0.9972826,1
0.14211363,0
0.8982559,1
9.315765e-05,0
0.9986992,1
0.15454516,0
0.14049263,1
1.2716201e-07,0
0.692005,1
0.8925067,0
0.8645143,1
0.67326087,0
0.45750213,1
3.8805347e-06,0
0.9830366,1
0.07102983,0
0.9844764,1
0.36970583,0
0.13145581,1
9.174711e-06,0
0.99997413,1
0.48262236,0
0.8541278,1
0.43548608,0
0.99990666,1
0.00067343,0
0.92608196,1
0.00147037,0
0.99428976,1
0.10272104,0
0.9979931,1
0.06367607,0
0.98223513,1
0.54658306,0
0.98772484,1
0.00503676,0
0.9996257,1
0.38973117,0
0.570044,1
0.96683,0
0.46956295,1
0.05199271,0
0.522885,1
0.21892397,0
0.9997719,1
0.00377582,0
0.9997948,1
0.01714482,0
0.06205376,1
7.426907e-08,0
0.9994691,1
1.29181466e-08,0
0.9999646,1
0.0124225,0
0.45289528,1
0.06464746,0
0.98598284,1
0.06866985,0
0.96605796,1
0.0010751,0
0.88020927,1
0.37531483,0
0.58837104,1
0.05942649,0
0.9796133,1
7.322129e-06,0
0.9996474,1
4.855695e-07,0
0.8492199,1
0.08621643,0
0.05993289,1
0.03997038,0
0.990146,1
0.01047872,0
0.9977598,1
0.34108767,0
0.94439083,1
1.609995e-05,0
0.6203667,1
0.12626554,0
0.6581738,1
0.01278545,0
0.99581957,1
5.917944e-10,0
0.99531895,1
0.0472958,0
0.37688056,1
0.00983273,0
0.9999721,1
0.8948534,0
0.9068542,1
1.17691904e-07,0
0.96986985,1
0.38823628,0
0.9992112,1
0.00969959,0
0.9939943,1
0.16566694,0
0.99142367,1
0.2386647,0
0.967546,1
0.0082886,0
0.99986684,1
6.974165e-07,0
0.99975795,1
0.00188179,0
0.999987,1
0.00152533,0
0.9999709,1
0.3392202,0
0.9932607,1
0.01015161,0
0.74852765,1
4.4519376e-07,0
0.8896496,1
3.4918773e-07,0
0.14454679,1
0.04174988,0
0.9584697,1
0.13377853,0
0.98923385,1
0.02800672,0
0.9996593,1
0.01421726,0
0.88896227,1
0.00663796,0
0.9435702,1
0.33984938,0
0.9882256,1
0.00062298,0
0.95184124,1
0.02269798,0
0.7704867,1
0.10352055,0
0.8700865,1
0.00305544,0
0.9895231,1
0.12230458,0
0.9846987,1
0.17254727,0
0.98926115,1
0.34464118,0
0.59488755,1
0.03714801,0
0.03329673,1
0.00065818,0
0.99625564,1
0.04724858,0
0.76035315,1
0.3837019,0
0.99637765,1
0.0204725,0
0.99972874,1
0.30943695,0
0.9905357,1
0.01531026,0
0.5022494,1
0.15169695,0
0.8465961,1
0.00045298,0
0.23968516,1
0.00070129,0
0.87243545,1
0.11506134,0
0.9974015,1
0.19263062,0
0.63750815,1
0.11192366,0
0.9999356,1
0.9891642,0
0.92399,1
5.7830607e-10,0
0.10632244,1
0.6903968,0
0.99910516,1
0.3350015,0
0.9999887,1
0.04623675,0
0.81946266,1
2.3000368e-06,0
0.9959871,1
0.10214715,0
0.99679214,1
0.83503467,0
0.9476532,1
0.10517015,0
0.99172217,1
0.33336687,0
0.9740762,1
0.9434383,0
0.99430865,1
6.242529e-05,0
0.94910496,1
0.00356465,0
0.9926299,1
5.492372e-10,0
0.69591635,1
0.00037635,0
0.95941097,1
0.08766683,0
0.99883777,1
0.09457851,0
0.7867634,1
0.02133053,0
0.9929495,1
0.17197546,0
0.9672015,1
0.23481663,0
0.9963793,1
0.02227874,0
0.9155611,1
0.00099917,0
0.9993399,1
0.36897796,0
0.99995387,1
0.00029032,0
0.99647564,1
0.06454791,0
0.99383694,1
0.0042474,0
0.95782167,1
2.8389198e-07,0
0.00778656,1
0.2493984,0
0.86938095,1
0.06764289,0
0.99935,1
0.00559736,0
0.4468381,1
0.77589583,0
0.9718854,1
1.5982243e-07,0
0.6628011,1
0.0006848,0
0.89908075,1
0.24016148,0
0.9996308,1
0.44768405,0
0.9993661,1
3.1276777e-05,0
0.9798053,1
0.00108154,0
0.99999917,1
0.00027462,0
0.94197834,1
0.02722569,0
0.9943615,1
0.02497835,0
0.99730337,1
0.0005309,0
0.97847146,1
4.521701e-06,0
0.990613,1
0.00012928,0
0.5612256,1
0.00103849,0
0.9999845,1
0.04649986,0
0.9532665,1
0.44541308,0
0.99994886,1
1.7969684e-05,0
0.9982552,1
0.39343452,0
0.99540085,1
0.00466056,0
0.42302826,1
0.18921088,0
0.30627212,1
5.7549136e-07,0
0.9943368,1
0.00070678,0
0.99923146,1
0.00076439,0
0.9996019,1
0.001442,0
0.9999182,1
0.02886035,0
0.91727746,1
0.9783467,0
0.999845,1
0.04829518,0
0.980231,1
5.348046e-06,0
0.99897075,1
4.169243e-11,0
0.9999423,1
0.08756589,0
0.8877405,1
0.9996055,0
0.99969316,1
0.11487033,0
0.9441147,1
0.04008387,0
0.9939673,1
0.2944765,0
0.9975452,1
0.00046028,0
0.99971205,1
0.8451396,0
0.78184485,1
0.06618813,0
0.95357937,1
0.00115233,0
0.77264977,1
0.14089769,0
0.9535592,1
0.19299005,0
0.99812466,1
0.29407156,0
0.78159374,1
0.00190339,0
0.09697615,1
5.4156793e-08,0
0.9943745,1
0.00117975,0
0.97218454,1
0.44270825,0
0.9937902,1
1.1570208e-07,0
0.99056494,1
0.04874507,0
0.50840485,1
0.0174067,0
0.97341835,1
0.01707125,0
0.99333054,1
1.6271111e-09,0
0.9438465,1
0.00401204,0
0.99891424,1
0.00043752,0
0.76404506,1
0.00142619,0
0.5791762,1
0.31328747,0
0.0379701,1
0.37968752,0
0.9955798,1
0.4471528,0
0.67290556,1
0.06657906,0
0.41732234,1
0.00039035,0
0.9994337,1
0.00575155,0
0.99530053,1
0.00419576,0
0.99766976,1
5.2946115e-07,0
0.99969125,1
0.8808333,0
0.9154505,1
0.24332605,0
0.9997551,1
0.9218904,0
0.99675983,1
0.10565814,0
0.98999256,1
0.17544866,0
0.9998987,1
0.00237547,0
0.9931385,1
0.0001246,0
0.9998541,1
0.37581322,0
0.99352574,1
1.967987e-05,0
0.99446493,1
0.00060467,0
0.9672725,1
0.07302522,0
0.9983999,1
0.00596061,0
0.99389064,1
0.12794128,0
0.99873143,1
0.34384635,0
0.99985373,1
0.49417466,0
0.06348602,1
0.25416222,0
0.9936754,1
0.02190314,0
0.06982502,1
0.2029139,0
0.830339,1
0.00194633,0
0.9363239,1
0.98364,0
0.96741027,1
0.43236852,0
0.7491723,1
0.32204857,0
0.9458609,1
0.03295071,0
0.99855465,1
0.00128297,0
0.9360328,1
3.5338107e-06,0
0.9962018,1
0.09612063,0
0.14175873,1
1.1753056e-06,0
0.48182368,1
0.12229697,0
0.9988741,1
0.02472999,0
0.93636304,1
0.00359336,0
0.06798984,1
0.00707599,0
0.91280615,1
0.1986347,0
0.97054774,1
0.44175717,0
0.9943657,1
4.9085542e-05,0
0.9979632,1
0.3078882,0
0.40241376,1
0.17123455,0
0.8032897,1
0.00750705,0
0.2912186,1
0.16713695,0
0.79056555,1
0.00782894,0
0.9998888,1
0.00019076,0
0.98843,1
3.8325954e-05,0
0.9963952,1
0.32667047,0
0.9553885,1
0.02218148,0
0.97263867,1
0.01480792,0
0.9990351,1
0.5757092,0
0.91840583,1
0.00256928,0
0.71484053,1
0.51345944,0
0.99897707,1
0.48284343,0
0.46625075,1
7.044211e-07,0
0.99118036,1
0.00633308,0
0.9970862,1
0.01553572,0
0.99976,1
0.02812223,0
0.98179847,1
0.04723198,0
0.1289203,1
0.00259504,0
0.9970174,1
1.5886228e-05,0
0.52769,1
0.5269497,0
0.9962379,1
0.2120405,0
0.5146524,1
0.485384,0
0.9998783,1
0.29117483,0
0.99908614,1
0.24412072,0
0.9725323,1
2.3989926e-06,0
0.90072393,1
0.02423769,0
0.9978941,1
0.08073544,0
0.9586137,1
0.01163976,0
0.9666904,1
0.00204487,0
0.99662626,1
3.0674962e-06,0
0.99357516,1
0.00059948,0
0.99193794,1
0.00210033,0
0.43394884,1
0.00602264,0
0.70696634,1
0.00106926,0
0.8573858,1
0.9912521,0
0.7988408,1
0.01686785,0
0.9964978,1
0.00152152,0
0.67582667,1
6.034418e-08,0
0.99983156,1
0.12751997,0
0.9980386,1
0.52851355,0
0.99984014,1
0.00014455,0
0.6168522,1
0.00132403,0
0.626776,1
0.21662904,0
0.96491665,1
0.67591906,0
0.9997477,1
0.4509422,0
0.9958906,1
0.9938089,0
0.98882335,1
0.91185695,0
0.9998826,1
0.0005987,0
0.9991554,1
0.0006497,0
0.9918583,1
0.22746927,0
0.9602802,1
0.0018718,0
0.9890449,1
0.34611467,0
0.99859446,1
0.05262267,0
0.37000152,1
0.7259542,0
0.8842966,1
0.00150566,0
0.9993315,1
0.0121353,0
0.943324,1
0.7927087,0
0.9349822,1
0.04042181,0
0.90206665,1
0.8541557,0
0.9578772,1
0.05471626,0
0.99708986,1
3.9414974e-08,0
0.998558,1
0.00157639,0
0.99793744,1
0.06124274,0
0.9980762,1
0.02541001,0
0.7320933,1
0.00057744,0
0.9618648,1
0.00969246,0
0.8450785,1
0.01041505,0
0.44525445,1
0.17861857,0
0.92239773,1
5.1797906e-07,0
0.9992925,1
0.00048104,0
0.96619916,1
0.00845349,0
0.91986495,1
0.32064775,0
0.962826,1
0.50447655,0
0.9999442,1
0.0045187,0
0.9728062,1
0.8700276,0
0.9364368,1
2.4114199e-05,0
0.9963259,1
3.5209405e-06,0
0.89436215,1
0.24727434,0
0.97676575,1
0.02236472,0
0.9999405,1
0.0684622,0
0.99657285,1
4.381901e-07,0
0.88892627,1
0.00503794,0
0.06365808,1
0.00291034,0
0.1302384,1
0.76773536,0
0.9836654,1
0.06602625,0
0.9996611,1
1.05035056e-07,0
0.9193788,1
0.7824758,0
0.16516584,1
0.21241826,0
0.9371933,1
0.00084331,0
0.9994355,1
0.02148109,0
0.9944312,1
0.00391215,0
0.9975395,1
0.01491819,0
0.07649987,1
5.7192688e-06,0
0.5783884,1
0.00070502,0
0.14509514,1
0.0005311,0
0.9997749,1
0.9934673,0
0.9983706,1
0.00040416,0
0.991744,1
0.00026496,0
0.9877769,1
1.7557124e-05,0
0.95842093,1
0.00452855,0
0.99703825,1
0.00015058,0
0.69106305,1
0.00593309,0
0.9931292,1
0.8001689,0
0.97336787,1
0.69361514,0
0.96753323,1
0.00072243,0
0.99739194,1
1.714883e-06,0
0.99998784,1
0.00175705,0
0.99702436,1
0.01420457,0
0.898524,1
0.20979245,0
0.99481815,1
0.00011706,0
0.9871705,1
0.31145456,0
0.5740562,1
3.3398894e-05,0
0.8702242,1
1.1689312e-05,0
0.5448691,1
0.00883492,0
0.9950486,1
0.01452563,0
0.8165002,1
0.07241245,0
0.07438523,1
0.00180295,0
0.99995625,1
0.26173759,0
0.9101363,1
4.219853e-05,0
0.9889664,1
0.1763885,0
0.9984451,1
0.16480155,0
0.9961987,1
0.00980728,0
0.40969598,1
0.17742024,0
0.969697,1
0.5078396,0
0.9602599,1
0.03042824,0
0.87496865,1
0.00010815,0
0.9999702,1
0.13010262,0
0.22454746,1
8.883488e-08,0
0.85735977,1
0.00116445,0
0.82634985,1
0.8832737,0
0.9950683,1
0.00126293,0
0.9999665,1
0.00020356,0
0.99895716,1
5.233586e-07,0
0.17118515,1
0.25021476,0
0.9885825,1
0.00164655,0
0.99982375,1
0.0049056,0
0.9989754,1
7.993294e-09,0
0.6837491,1
0.01563668,0
0.97212696,1
3.7573447e-09,0
0.10563891,1
7.287164e-05,0
0.97777367,1
6.3006934e-07,0
0.93888134,1
0.12607618,0
0.14074315,1
0.03282086,0
0.9997923,1
0.6268957,0
0.9989544,1
0.01651708,0
0.38426247,1
0.4461515,0
0.960897,1
0.03181766,0
0.37804914,1
0.03695648,0
0.9648756,1
0.30671963,0
0.98372805,1
0.0211816,0
0.9786003,1
0.10848251,0
0.9999554,1
1.4135226e-06,0
0.9947619,1
0.17346233,0
0.9999962,1
0.10333589,0
0.9986143,1
1.51420245e-05,0
0.99965,1
0.8228587,0
0.9872732,1
0.60027045,0
0.9998543,1
0.48012474,0
0.9997627,1
0.01636442,0
0.97283745,1
0.03927109,0
0.9520883,1
5.8138936e-05,0
0.99972576,1
0.00012677,0
0.9427327,1
0.99643767,0
0.7218317,1
1.668942e-06,0
0.996497,1
0.12223031,0
0.9150642,1
9.140925e-10,0
0.41680938,1
0.00752085,0
0.38974595,1
0.2257728,0
0.36015952,1
0.01911932,0
0.9210385,1
0.00400212,0
0.9961211,1
0.00039511,0
0.9999994,1
0.22113855,0
0.8270102,1
1.5128282e-05,0
0.5593153,1
0.0234383,0
0.6500076,1
0.05597599,0
0.5044899,1
0.09475764,0
0.9992749,1
0.01833083,0
0.00010235,1
0.00072385,0
0.9991248,1
0.03100241,0
0.99908996,1
0.23407151,0
0.98222834,1
0.04512151,0
0.988977,1
0.32508925,0
0.9511738,1
0.07820268,0
0.96521944,1
2.9845822e-08,0
0.35037723,1
0.5563676,0
0.9985739,1
7.476995e-08,0
0.01171602,1
0.28849795,0
0.99956626,1
0.00118163,0
0.999608,1
0.43269148,0
0.5728477,1
0.9899672,0
0.12692696,1
0.799248,0
0.6773003,1
2.3353373e-06,0
0.40588468,1
2.7004094e-06,0
0.9682493,1
5.5326924e-05,0
0.99726546,1
3.8463597e-09,0
0.01770555,1
0.00104558,0
0.99998665,1
0.02331463,0
0.6385198,1
0.6476348,0
0.9949503,1
0.00502321,0
0.8982726,1
0.70563555,0
0.99595,1
0.04557607,0
0.9952009,1
0.25432304,0
0.997743,1
0.04994639,0
0.9972705,1
1.3024325e-07,0
0.99866045,1
5.139823e-06,0
0.27592316,1
0.04807563,0
0.85747784,1
0.00056066,0
0.98914486,1
7.4877507e-06,0
0.38392565,1
0.6234431,0
0.33571056,1
0.04579994,0
0.9999696,1
0.06640757,0
0.37739396,1
0.00079827,0
0.98470795,1
0.01210944,0
0.998686,1
0.03877553,0
0.9997948,1
0.14302605,0
0.22793119,1
2.8789033e-05,0
0.9899805,1
1.3601699e-05,0
0.18837744,1
5.9210993e-08,0
0.9999528,1
1.4818845e-06,0
0.10838915,1
0.99955064,0
0.9999758,1
0.04895701,0
0.99973625,1
0.12937236,0
0.99295676,1
0.02913434,0
0.99958855,1
0.08660392,0
0.68800735,1
0.02158929,0
0.999853,1
0.01519772,0
0.99962115,1
0.01437146,0
0.9850167,1
0.22473125,0
0.42526564,1
0.9349057,0
0.1552261,1
0.03052465,0
0.99722856,1
0.87822783,0
0.99990714,1
0.00076874,0
0.50241226,1
0.07913602,0
0.9999914,1
0.04331386,0
0.98094785,1
0.8538698,0
0.9944404,1
0.00191917,0
0.6169815,1
0.00021658,0
0.8803808,1
0.77916217,0
0.9827937,1
0.00105997,0
0.98287416,1
0.6623682,0
0.41704756,1
2.0189753e-05,0
0.88392895,1
0.7391247,0
0.9998067,1
0.00022356,0
0.75249606,1
0.01335262,0
0.9577212,1
2.0941936e-05,0
0.9607077,1
0.13933198,0
0.71544594,1
0.92968696,0
0.7855995,1
0.01942189,0
0.4541074,1
0.0344721,0
0.4298198,1
0.00627515,0
0.59768033,1
0.00240921,0
0.9990761,1
0.01465759,0
0.99969614,1
0.00132674,0
0.97431666,1
0.09525178,0
0.95043814,1
0.03427072,0
0.2787733,1
0.00557774,0
0.8140845,1
0.00324382,0
0.11914836,1
0.16460657,0
0.99997795,1
0.33607033,0
0.90289706,1
0.3428533,0
0.91212296,1
0.6430621,0
0.8784445,1
0.0206728,0
0.23594777,1
0.06380147,0
0.9881869,1
0.00233292,0
0.97412723,1
0.01551093,0
0.9998487,1
2.2351437e-06,0
0.9639168,1
0.0065273,0
0.94019336,1
0.00010484,0
0.6552358,1
0.14000745,0
0.999941,1
0.37236577,0
0.96744394,1
0.04695924,0
0.64510685,1
7.473117e-08,0
0.46862015,1
0.58697927,0
0.38382685,1
0.35569516,0
0.5212824,1
0.00094528,0
0.14226365,1
0.85163474,0
0.9999498,1
0.00314784,0
0.9945056,1
0.10524289,0
0.02443784,1
0.00208292,0
0.9809801,1
0.0026196,0
0.9998678,1
5.740336e-09,0
0.38905567,1
3.0989355e-07,0
0.9999354,1
0.00221685,0
0.87347615,1
0.22171257,0
0.980956,1
0.00016497,0
0.8339505,1
0.41555065,0
0.86972845,1
0.00615632,0
0.9999808,1
0.16251975,0
0.05908529,1
0.00990871,0
0.6979235,1
0.16684742,0
0.9715251,1
0.00212251,0
0.5372963,1
0.03113178,0
0.99931884,1
0.9092073,0
0.99717027,1
0.03045755,0
0.9934744,1
0.2557971,0
0.9490747,1
1.1045046e-09,0
0.99956745,1
0.10860671,0
0.80746466,1
0.00371796,0
0.945769,1
0.00049394,0
0.87322044,1
0.2782535,0
0.99954116,1
0.12628198,0
0.9902352,1
0.00014621,0
0.9998671,1
0.3840976,0
0.99995506,1
0.59788144,0
0.99859387,1
0.16526416,0
0.02660966,1
0.11918321,0
0.8679638,1
0.13337842,0
0.8975093,1
0.22500984,0
0.985033,1
8.317721e-06,0
0.9999753,1
0.0347376,0
0.04002462,1
0.17302231,0
0.4639239,1
0.8529034,0
0.9995832,1
0.00911613,0
0.85343766,1
0.07463491,0
0.99837434,1
1.6055224e-05,0
0.9995197,1
0.18066816,0
0.9999964,1
0.02715763,0
0.04917675,1
0.09870317,0
0.9947889,1
0.99817383,0
0.8556088,1
0.37951452,0
0.9936743,1
0.83212453,0
0.642112,1
0.00468,0
0.9948667,1
0.10560127,0
0.99991214,1
0.03383539,0
0.95586455,1
0.00013451,0
0.21858,1
0.00187548,0
0.03742229,1
0.00105357,0
0.9814828,1
0.15007366,0
0.24862817,1
0.18215226,0
0.77645487,1
0.4508042,0
0.99951684,1
0.02396306,0
0.34562084,1
0.03442249,0
0.2412613,1
0.13153984,0
0.6218018,1
0.00947113,0
0.5311729,1
0.98734623,0
0.1178157,1
0.00010715,0
0.4737621,1
9.4033527e-07,0
0.9922132,1
0.04361158,0
0.9954476,1
0.9951138,0
0.51916033,1
2.2065015e-08,0
0.9974795,1
0.90258825,0
0.99797803,1
0.00047122,0
0.9279215,1
0.05653407,0
0.99840754,1
0.02808492,0
0.987655,1
0.07867812,0
0.94845957,1
3.4150546e-06,0
0.99156255,1
3.6621262e-08,0
0.9994771,1
0.20441835,0
0.9970505,1
0.00272436,0
0.23395677,1
0.3933113,0
0.2120581,1
8.347295e-05,0
0.12947677,1
0.00097117,0
0.9983912,1
0.2659033,0
0.5819468,1
0.3968848,0
0.9994904,1
0.28966022,0
0.11367747,1
0.48937204,0
0.46568042,1
0.5314013,0
0.9944806,1
0.01697969,0
0.99996614,1
0.13629521,0
0.14257354,1
0.34669995,0
0.75862646,1
0.00996128,0
0.99061906,1
0.02841328,0
0.9985643,1
0.00569363,0
0.7922102,1
0.14973375,0
0.99114746,1
0.17430626,0
0.999985,1
0.00605458,0
0.8209985,1
0.01231979,0
0.4003346,1
0.04686144,0
0.99970335,1
0.08845159,0
0.4595143,1
0.35716623,0
0.96644974,1
0.00030732,0
0.2175053,1
0.00321207,0
0.82969743,1
0.07293354,0
0.12010345,1
0.9950879,0
0.99942905,1
0.17036463,0
0.9991352,1
0.00355846,0
0.99999416,1
4.6055968e-05,0
0.04110821,1
0.07323591,0
0.9996587,1
0.00193839,0
0.99999654,1
0.00631185,0
0.99725336,1
0.57649106,0
0.9998217,1
0.38493487,0
0.899759,1
0.07513601,0
0.999736,1
1.4822068e-06,0
0.36124757,1
0.00059767,0
0.9647352,1
0.30242184,0
0.9999889,1
0.03598653,0
0.9916966,1
0.7628237,0
0.9765138,1
0.05501864,0
0.8908208,1
0.00043037,0
0.03187288,1
0.98007226,0
0.07227956,1
2.7782194e-08,0
0.9994691,1
0.17494705,0
0.83453655,1
0.21512733,0
0.99344045,1
0.05014729,0
0.9785532,1
0.00018399,0
0.9968792,1
0.53414947,0
0.9866273,1
0.02985591,0
0.8007894,1
0.00655951,0
0.09776935,1
0.01858523,0
0.94157904,1
0.0110987,0
0.9998247,1
0.9067986,0
0.9995254,1
0.02640402,0
0.99598217,1
0.20917726,0
0.7493094,1
0.39496806,0
0.68208814,1
0.00554928,0
0.99445575,1
0.00053692,0
0.91627866,1
0.0048267,0
0.4513054,1
0.01879816,0
0.58965003,1
0.06874461,0
0.97667515,1
0.001333,0
0.7017966,1
0.05557753,0
0.9923914,1
0.37367967,0
0.99957365,1
0.7117091,0
0.99934226,1
0.08269812,0
0.9939318,1
0.17361537,0
0.13707124,1
0.36438176,0
0.9996823,1
0.29005912,0
0.97676486,1
0.00059102,0
0.9938731,1
6.102183e-06,0
0.8035153,1
2.8791916e-05,0
0.8414734,1
7.943339e-06,0
0.9440646,1
0.03519583,0
0.30295098,1
0.9550347,0
0.9993899,1
0.000196,0
0.99733126,1
1.256677e-07,0
0.99939346,1
0.02164652,0
0.9701741,1
0.03437011,0
0.5844429,1
0.9988745,0
0.99946445,1
0.00119197,0
0.97622603,1
6.3077494e-09,0
0.9018228,1
2.7094563e-07,0
0.999527,1
0.4573399,0
0.20982452,1
0.372023,0
0.97832733,1
0.00867098,0
0.997209,1
2.653117e-05,0
0.51737523,1
0.34939918,0
0.53288233,1
1.2051491e-05,0
0.9976781,1
0.02661787,0
0.99997246,1
0.01322587,0
0.92653775,1
0.17335494,0
0.9811266,1
2.3226503e-06,0
0.94884634,1
0.00713534,0
0.9088301,1
0.00014682,0
0.9997168,1
0.16598493,0
0.99960583,1
3.296453e-05,0
0.40656364,1
0.44043973,0
0.9998635,1
5.4909417e-08,0
0.9996847,1
0.00469093,0
0.08247254,1
0.00782217,0
0.6137566,1
0.15185931,0
0.97301686,1
0.0159663,0
0.99438184,1
0.3397873,0
0.9529503,1
5.4095035e-09,0
0.9986077,1
0.06252731,0
0.9707846,1
0.19179969,0
0.7587896,1
9.345162e-07,0
0.9960264,1
0.03311401,0
0.9918527,1
0.04534498,0
0.99998677,1
0.00315352,0
0.65531874,1
0.07885501,0
0.70795506,1
0.500796,0
0.99898416,1
0.00346814,0
0.99945635,1
0.02603515,0
0.99293774,1
0.00029747,0
0.9999354,1
0.00437033,0
0.98699564,1
0.27920148,0
0.99712354,1
0.00147381,0
0.80593514,1
0.9992957,0
0.99958974,1
0.07339308,0
0.972392,1
0.3369735,0
0.63596004,1
0.00186024,0
0.75454694,1
0.26055968,0
0.7316535,1
0.8524369,0
0.989419,1
0.10172178,0
0.9920682,1
0.0024229,0
0.4388418,1
0.01721071,0
0.98069316,1
0.05481412,0
0.9861799,1
0.59688205,0
0.00080994,1
0.00139036,0
0.99999857,1
0.04334191,0
0.42727754,1
0.7121028,0
0.9934302,1
0.4003776,0
0.81229913,1
0.30283123,0
0.99642015,1
0.02589319,0
0.99005777,1
0.00387813,0
0.99855024,1
0.00063943,0
0.03080398,1
0.00489149,0
0.9975043,1
0.0021379,0
0.38777778,1
3.6651284e-07,0
0.96579397,1
0.04269993,0
0.9305894,1
0.0005622,0
0.9536783,1
3.0722388e-06,0
0.9357951,1
0.00263733,0
0.00222381,1
6.778185e-08,0
0.3266146,1
0.17394383,0
0.9920825,1
0.20795412,0
0.36914268,1
0.00082154,0
0.9471491,1
6.4819255e-06,0
0.8041371,1
0.00017863,0
0.9977545,1
0.08527053,0
0.94298446,1
0.32790226,0
0.42624137,1
0.35003147,0
0.9910823,1
0.42215917,0
0.49254733,1
1.3944556e-05,0
0.8364247,1
0.00071817,0
0.95562017,1
0.20567735,0
0.7318317,1
0.28446814,0
0.98336625,1
0.855342,0
0.72287494,1
0.00051033,0
0.36904693,1
0.12928888,0
0.7198399,1
0.0001757,0
0.7130506,1
0.00076804,0
0.9847409,1
4.6876197e-05,0
0.58143425,1
0.1671592,0
0.40158978,1
9.164908e-06,0
0.92630386,1
0.17748016,0
0.21617636,1
0.08333745,0
0.9525282,1
1.6738716e-10,0
0.9818572,1
0.33981395,0
0.98085785,1
0.00918228,0
0.99965703,1
0.00931908,0
0.8091156,1
0.8703827,0
0.9998616,1
0.2407201,0
0.9996946,1
0.00387865,0
0.96081656,1
0.07289006,0
0.96141344,1
0.00932219,0
0.99436164,1
2.7855558e-07,0
0.99716467,1
0.10935467,0
0.9990251,1
0.6561988,0
0.21843377,1
0.03475586,0
0.99526054,1
0.08637923,0
0.9878191,1
0.01699726,0
0.7024503,1
0.21317306,0
0.99938095,1
1.4278373e-08,0
0.1206729,1
5.3436062e-05,0
0.7253922,1
0.42167753,0
0.5496615,1
0.40211338,0
0.20504148,1
0.83904374,0
0.99694794,1
0.0008619,0
0.9485434,1
0.01829742,0
0.99996936,1
0.24482153,0
0.99665326,1
0.0482319,0
0.9995215,1
0.07222766,0
0.867164,1
9.631592e-08,0
0.8584926,1
0.00984167,0
0.44862738,1
0.00015936,0
0.99675304,1
0.07965368,0
0.9998087,1
0.991557,0
0.9993893,1
4.9386228e-05,0
0.877504,1
0.01385532,0
0.99906343,1
3.969249e-05,0
0.98882806,1
0.687941,0
0.8528049,1
0.04754832,0
0.98816293,1
0.99416935,0
0.99722856,1
0.00014828,0
0.97840697,1
2.2758446e-08,0
0.9230977,1
0.24624053,0
0.92794335,1
0.06465709,0
0.99839336,1
1.3826958e-06,0
0.9666145,1
2.1492836e-08,0
0.4339061,1
0.85603935,0
0.99983394,1
0.1220177,0
0.9996816,1
0.06086566,0
0.9628206,1
0.00991728,0
0.9865536,1
0.06053391,0
0.3685177,1
0.03790555,0
0.9257438,1
0.02967468,0
0.629738,1
0.07811394,0
0.99932146,1
2.8080216e-05,0
0.98419684,1
0.7371791,0
0.70011824,1
0.13064823,0
0.999992,1
0.00067151,0
0.1711313,1
0.05844277,0
0.9925258,1
0.00030228,0
0.6252359,1
1.3539191e-05,0
0.99907327,1
0.00653678,0
0.976536,1
0.4597863,0
0.99059886,1
0.04165149,0
0.5466084,1
0.00043902,0
0.8166963,1
0.21737628,0
0.9559824,1
0.03867841,0
0.6452852,1
0.12522547,0
0.92569274,1
0.5241949,0
0.9875295,1
0.02271523,0
0.9992976,1
0.1359303,0
0.2234641,1
0.26178455,0
0.95096654,1
6.394764e-05,0
0.20520122,1
0.03346209,0
0.99662364,1
0.00811527,0
0.9988764,1
0.01537305,0
0.9986166,1
0.29003555,0
0.9969939,1
0.40751514,0
0.00452197,1
0.00049916,0
0.93872845,1
0.45531806,0
0.99899226,1
2.5396423e-06,0
0.94202244,1
0.35704318,0
0.99987435,1
0.20905742,0
0.94865006,1
0.00311583,0
0.9992556,1
1.1427214e-05,0
0.9975902,1
0.93082607,0
0.9924946,1
0.7506409,0
0.9751348,1
0.0020305,0
0.98904747,1
1.9086178e-06,0
0.9416726,1
0.00124103,0
0.9992982,1
0.1884845,0
0.04239212,1
0.50613207,0
0.7702512,1
8.054561e-08,0
0.94389945,1
3.7598238e-07,0
0.8873753,1
0.00048569,0
0.55982137,1
0.11663337,0
0.9979473,1
2.8725562e-08,0
0.9986615,1
0.04605958,0
0.09951729,1
0.0121603,0
0.99985456,1
0.99408674,0
0.99678504,1
0.00409834,0
0.68253446,1
1.7303848e-05,0
0.9259641,1
2.9497087e-05,0
0.9700263,1
0.00049926,0
0.97572315,1
5.7738855e-08,0
0.5344245,1
0.27688292,0
0.9910471,1
0.15423302,0
0.94378966,1
0.9939845,0
0.9176747,1
0.00136438,0
0.40840238,1
0.6284938,0
0.9818502,1
0.04991294,0
0.33295053,1
9.333859e-07,0
0.9677844,1
0.00139973,0
0.62509596,1
1.3846485e-09,0
0.9439878,1
0.00029695,0
0.72188735,1
0.3383677,0
0.8496181,1
4.701381e-06,0
0.999681,1
1.1287744e-06,0
0.9355786,1
0.01847785,0
0.9760081,1
0.99928147,0
0.97731906,1
0.00254218,0
0.9959383,1
0.00088207,0
0.8534984,1
0.19963638,0
0.09140649,1
0.7289498,0
0.9909952,1
1.8066667e-05,0
0.87889314,1
0.21104948,0
0.38737836,1
0.2956194,0
0.96120113,1
0.5836345,0
0.9986584,1
0.79211944,0
0.9819556,1
0.08157705,0
0.9917801,1
0.01708246,0
0.4390462,1
0.00010869,0
0.99588156,1
0.00065708,0
0.9378902,1
6.9341484e-05,0
0.9981968,1
0.00243251,0
0.97143954,1
0.3641272,0
0.9999174,1
0.00040831,0
0.83369434,1
0.00015412,0
0.99705756,1
0.00023685,0
0.9741513,1
0.00030884,0
0.9952048,1
1.3218852e-06,0
0.99384016,1
2.1312646e-08,0
0.91472715,1
3.0260395e-05,0
0.99685574,1
0.06065184,0
0.99890935,1
0.00022343,0
0.99208236,1
4.1627492e-05,0
0.09786408,1
1.5933695e-06,0
0.91299486,1
0.24696039,0
0.39742604,1
5.654687e-06,0
0.9989537,1
0.03245709,0
0.99084973,1
3.5205566e-08,0
0.7635624,1
7.8984995e-06,0
0.9949031,1
0.11010641,0
0.2941222,1
0.00254103,0
0.9972687,1
0.00061592,0
0.5539542,1
2.059718e-06,0
0.7628527,1
0.01596579,0
0.8997574,1
0.31039613,0
0.41017437,1
2.4681203e-06,0
0.98660165,1
0.6204997,0
0.9995807,1
0.79707766,0
0.9998134,1
0.01527921,0
0.40163046,1
0.00129969,0
0.45826736,1
0.2877646,0
0.0198432,1
0.07700095,0
0.9853059,1
8.599147e-05,0
0.11180022,1
0.00651219,0
0.99071515,1
0.29391354,0
0.9999931,1
0.00768929,0
0.9444495,1
0.8978843,0
0.9889677,1
1.0857682e-05,0
0.9250612,1
0.00513161,0
0.9980818,1
4.0863e-05,0
0.9659512,1
0.00090152,0
0.62512577,1
0.9990232,0
0.9264188,1
0.00040213,0
0.9160987,1
0.03607104,0
0.13446984,1
0.48204252,0
0.99973005,1
0.7528864,0
0.6500612,1
3.112037e-05,0
0.9275098,1
0.04784313,0
0.9523955,1
0.0026631,0
0.70403653,1
0.40168035,0
0.4911049,1
0.01338705,0
0.99999905,1
0.08823933,0
0.9955693,1
0.00041876,0
0.99720085,1
0.02970886,0
0.7223716,1
0.18274085,0
0.95916057,1
0.00016215,0
0.31393233,1
0.12007056,0
0.58785,1
8.878369e-05,0
0.9171059,1
1.34706e-06,0
0.11917014,1
6.0988086e-06,0
0.99697137,1
0.00414725,0
0.99760216,1
0.08626163,0
0.00591035,1
0.01400798,0
0.98292637,1
0.03350366,0
0.58500093,1
0.084881,0
0.7118421,1
0.167403,0
0.08940715,1
0.00032939,0
0.9945339,1
0.27044812,0
0.9997507,1
0.00837084,0
0.99980456,1
0.09590244,0
0.21794887,1
0.12394361,0
0.14831446,1
0.03214046,0
0.39525262,1
0.00116065,0
0.9989384,1
0.03896741,0
0.70557797,1
1.6694941e-05,0
0.9902021,1
4.6742367e-05,0
0.9973871,1
0.07896838,0
0.9987508,1
0.01233562,0
0.99768054,1
0.04821031,0
0.984121,1
8.375605e-06,0
0.9663113,1
2.6423379e-05,0
0.9314967,1
0.00017667,0
0.9261991,1
0.11917769,0
0.02085676,1
0.00217524,0
0.97958666,1
0.030881,0
0.96790564,1
0.3904052,0
0.9999007,1
0.9757422,0
0.9974969,1
0.09870788,0
0.99190253,1
1.42877525e-05,0
0.8541375,1
0.15804784,0
0.99860966,1
0.9844356,0
0.994705,1
0.00126791,0
0.9145499,1
0.00230972,0
0.96244854,1
0.02468431,0
0.9779473,1
0.00199602,0
0.9689376,1
0.8268034,0
0.93370914,1
0.00129119,0
0.6793328,1
0.00018955,0
0.9955527,1
0.4479886,0
0.02649317,1
5.889949e-07,0
0.02679319,1
0.00138752,0
0.5197571,1
0.36013523,0
0.97396326,1
0.1507978,0
0.17662083,1
0.19101775,0
0.41913563,1
0.1657319,0
0.6055016,1
0.00275882,0
0.9887339,1
0.28188425,0
0.78430724,1
1.994317e-06,0
0.9924232,1
0.36624283,0
0.983697,1
0.04401357,0
0.96040934,1
8.551791e-05,0
0.7183573,1
0.0158545,0
0.97489196,1
0.00013798,0
0.999997,1
9.596844e-06,0
0.99538463,1
0.00201028,0
0.9996735,1
0.02497668,0
0.9450639,1
0.12579603,0
0.9782792,1
0.07366976,0
0.9648614,1
0.31483695,0
0.99941826,1
0.0130164,0
0.99925095,1
0.21280812,0
0.9899048,1
0.00030669,0
0.97814846,1
0.00430772,0
0.9996141,1
0.00086278,0
0.9886645,1
0.11085095,0
0.7726944,1
0.17870076,0
0.9992524,1
0.03976089,0
0.8737859,1
0.19241643,0
0.99950755,1
0.00141093,0
0.99998486,1
0.43526688,0
0.9926253,1
0.00011581,0
0.9808925,1
1.9041689e-06,0
0.4609715,1
0.77908504,0
0.9998883,1
0.73353755,0
0.99244916,1
0.08341612,0
0.00270738,1
0.01777687,0
0.05153903,1
0.00182468,0
0.9958305,1
1.085434e-07,0
0.89573115,1
0.92975193,0
0.69896674,1
8.608829e-05,0
0.98474115,1
8.524222e-05,0
0.9999682,1
0.05349665,0
0.02946431,1
0.17753187,0
0.999856,1
0.15460986,0
0.9985291,1
0.3442703,0
0.99662495,1
0.7786045,0
0.21569988,1
0.00157428,0
0.9629946,1
4.5913228e-11,0
0.99921215,1
0.00093936,0
0.9996928,1
0.00505779,0
0.99918956,1
0.7431407,0
0.9466478,1
0.00242069,0
0.99805164,1
0.23665677,0
0.8485769,1
1.4847724e-05,0
0.9962734,1
0.01208826,0
0.9997923,1
0.00710911,0
0.9995485,1
0.03150449,0
0.99896693,1
0.00025999,0
0.101678,1
2.9040202e-06,0
0.9991374,1
0.0600997,0
0.9997707,1
0.98914635,0
0.07555528,1
0.9692718,0
0.9987633,1
0.08725975,0
0.9991898,1
0.00318097,0
0.91267115,1
2.9282235e-06,0
0.98105246,1
0.22557628,0
0.9976562,1
0.03623006,0
0.9752821,1
0.8881378,0
0.88442326,1
0.56557834,0
0.0126761,1
0.16619678,0
0.99298054,1
0.00608025,0
0.92427987,1
9.9707686e-05,0
0.999982,1
0.3694771,0
0.99996805,1
0.04925881,0
0.5223213,1
0.03877986,0
0.9950906,1
3.1052426e-07,0
0.42780215,1
0.37593597,0
0.7967713,1
0.5240725,0
0.99829596,1
0.00338207,0
0.89436406,1
0.00043054,0
0.97131294,1
3.7829653e-07,0
0.8327805,1
0.00995184,0
0.99964225,1
0.00624998,0
0.6430194,1
0.1929546,0
0.67184013,1
0.8360115,0
0.91687953,1
0.4535896,0
0.95132166,1
4.962633e-11,0
0.99974936,1
0.4913786,0
0.15053631,1
0.02754281,0
0.99425715,1
0.8619596,0
0.9853463,1
0.3239579,0
0.99958044,1
0.00437444,0
0.973272,1
0.00635796,0
0.02907932,1
0.47255525,0
0.848635,1
1.565846e-05,0
0.9530234,1
5.6280933e-06,0
0.9984005,1
0.01109822,0
0.5670261,1
0.46222728,0
0.51935303,1
0.9913372,0
0.8400802,1
1.5247282e-05,0
0.615789,1
0.00041517,0
0.9997913,1
0.01355367,0
0.8911327,1
0.02249733,0
0.12673478,1
0.00274077,0
0.94585425,1
0.04511843,0
0.9998871,1
2.858057e-06,0
0.23599525,1
0.55205286,0
0.98698425,1
0.08901577,0
0.37376255,1
0.50303024,0
0.9940562,1
0.02373623,0
0.13535602,1
0.02027611,0
0.5899823,1
0.16988397,0
0.98879707,1
6.0063847e-09,0
0.9927846,1
0.30906507,0
0.99951696,1
5.306531e-10,0
0.99821055,1
0.6877324,0
0.3942908,1
0.6422034,0
0.9834653,1
0.2505287,0
0.99802774,1
0.9993875,0
0.9998728,1
0.13747776,0
0.9654907,1
0.9194199,0
0.99999225,1
0.01524793,0
0.9840426,1
0.7666423,0
0.7618749,1
0.99305856,0
0.36329576,1
1.11789824e-07,0
0.9953818,1
0.00223147,0
0.99280316,1
0.8981801,0
0.91978645,1
0.00011113,0
0.99997795,1
0.22753504,0
0.22778784,1
0.00170349,0
0.994216,1
0.00099848,0
0.9998275,1
4.6502873e-06,0
0.3492987,1
0.12672393,0
0.4759644,1
0.13177209,0
0.9992323,1
6.228205e-05,0
0.9443788,1
4.5244047e-07,0
0.3936298,1
0.18548413,0
0.615797,1
0.00335773,0
0.99940205,1
0.00557725,0
0.99577206,1
1.617758e-05,0
0.9829988,1
0.07905126,0
0.6056985,1
0.00231794,0
0.00012604,1
8.842204e-07,0
0.8210358,1
1.9434351e-08,0
0.03640435,1
0.02924377,0
0.21711291,1
9.108037e-09,0
0.99623835,1
0.13253261,0
0.9991027,1
0.02541867,0
0.9999771,1
0.05699316,0
0.8078971,1
2.586124e-05,0
0.6596334,1
8.183945e-05,0
0.0024263,1
2.4289813e-08,0
0.99897146,1
0.00790149,0
0.99914753,1
0.48285905,0
0.6984379,1
0.9444177,0
0.11028075,1
0.88170105,0
0.4767253,1
0.04701029,0
0.98737925,1
0.0554432,0
0.15852393,1
8.107781e-09,0
0.98625284,1
8.366089e-06,0
0.98563725,1
0.44060332,0
0.56203586,1
0.06160575,0
0.9737466,1
4.120953e-05,0
0.99993825,1
4.246745e-09,0
0.8533108,1
0.02611799,0
0.99958676,1
0.345904,0
0.99654937,1
0.97639024,0
0.9999974,1
0.004039,0
0.88741934,1
2.8447128e-05,0
0.17740865,1
6.7702684e-05,0
0.99682945,1
0.37589267,0
0.9025756,1
8.4652434e-08,0
0.99732286,1
0.99904686,0
0.9790358,1
0.05224464,0
0.99998,1
0.959783,0
0.99918586,1
0.00011934,0
0.9935494,1
0.9650571,0
0.0058147,1
0.02338701,0
0.99260616,1
0.18846789,0
0.98379827,1
0.10401636,0
0.9805437,1
0.96986085,0
0.35885707,1
0.1022656,0
0.9916298,1
4.786155e-11,0
0.99853015,1
0.04394232,0
0.8336487,1
0.00305529,0
0.99963593,1
0.27597436,0
0.6104109,1
5.6394423e-05,0
0.7849647,1
0.02395502,0
0.99778277,1
0.17826551,0
0.99994445,1
8.120657e-05,0
0.9983772,1
0.6445696,0
0.6632721,1
0.63401777,0
0.9749306,1
1.240618e-07,0
0.99994254,1
1.8158258e-06,0
0.99887615,1
0.02078047,0
0.85531414,1
0.00013413,0
0.99973446,1
0.0975723,0
0.99997914,1
0.00048252,0
0.96323746,1
0.02578506,0
0.98429585,1
0.00788037,0
0.93324053,1
0.5982339,0
0.99994695,1
0.20758274,0
0.98593986,1
3.8006006e-06,0
0.11397243,1
0.01275876,0
0.8642513,1
3.897934e-08,0
0.9967494,1
0.44794965,0
0.40782565,1
2.2752172e-10,0
0.99996686,1
0.01337687,0
0.8737729,1
0.09945139,0
0.06316398,1
0.6104141,0
0.9999989,1
0.00023668,0
0.09715435,1
0.915869,0
0.0052072,1
0.01756012,0
0.9995621,1
3.9265734e-07,0
0.99447733,1
2.9106915e-05,0
0.5043071,1
0.10602062,0
0.9999547,1
0.55513114,0
0.99983275,1
0.05567818,0
0.99844724,1
3.423536e-06,0
0.9039449,1
0.02653017,0
0.88862777,1
0.06815462,0
0.9997936,1
0.04469819,0
0.9998704,1
0.96342015,0
0.9425089,1
0.16925438,0
0.9995778,1
0.0012627,0
0.8327998,1
0.00275706,0
0.70215863,1
0.31799003,0
0.9958723,1
0.12202892,0
0.99479735,1
0.00133194,0
0.8697984,1
0.33530822,0
0.9803315,1
1.9509747e-05,0
0.39344984,1
0.00188102,0
0.952737,1
0.02390884,0
0.62486494,1
0.00436645,0
0.99664694,1
3.4779664e-09,0
0.960696,1
0.14831088,0
0.99961424,1
0.14111356,0
0.99833554,1
0.00127293,0
0.88047224,1
0.09703851,0
0.9968671,1
0.00034508,0
0.7861328,1
1.3329441e-06,0
0.9998871,1
0.000807,0
0.93231225,1
0.23549104,0
0.88734883,1
0.07250118,0
0.9921821,1
0.00044961,0
0.79556084,1
0.15259834,0
0.9984597,1
0.00080618,0
0.97873014,1
3.5101848e-06,0
0.00022028,1
2.367499e-05,0
0.6078599,1
0.23629567,0
0.99289286,1
8.147218e-09,0
0.90194374,1
7.864978e-05,0
0.999997,1
0.05056289,0
0.34743452,1
0.12080341,0
0.58750033,1
0.08735373,0
0.8333101,1
5.189198e-06,0
0.5718468,1
0.73766726,0
0.4251776,1
0.10364887,0
0.99643075,1
0.00155189,0
0.99861073,1
0.34582147,0
0.8024411,1
0.11979838,0
0.78922236,1
0.0651563,0
0.94262433,1
0.02610025,0
0.9996418,1
0.00029772,0
0.9977016,1
0.15024544,0
0.48760283,1
0.0030177,0
0.9019569,1
0.17160001,0
0.8982753,1
0.1912281,0
0.9994723,1
0.14651996,0
0.84898126,1
2.7403829e-07,0
0.9905793,1
2.1731424e-08,0
0.9817363,1
0.29970104,0
0.8887715,1
0.00105109,0
0.974214,1
0.9926756,0
0.9588723,1
0.46218398,0
0.5668917,1
0.06269687,0
0.95555747,1
2.2619055e-08,0
0.7139673,1
0.00136897,0
0.9985032,1
0.00043363,0
0.9982615,1
2.4324103e-07,0
0.05831148,1
0.00642214,0
0.99960476,1
0.23672362,0
0.9996606,1
0.00013954,0
0.01975544,1
0.33874965,0
0.9725724,1
0.02387305,0
0.62032807,1
2.8216314e-06,0
0.99961,1
0.06049769,0
0.9694774,1
0.01350536,0
0.99986684,1
0.02340261,0
0.9415348,1
0.00136552,0
0.38735053,1
0.5199297,0
0.988414,1
0.13439469,0
0.99984014,1
0.00135356,0
0.63730115,1
0.0032049,0
0.280932,1
0.09876361,0
0.95979494,1
0.00848897,0
0.9049176,1
5.318239e-08,0
0.458399,1
0.68509346,0
0.95152974,1
0.00700198,0
0.35423273,1
0.00558635,0
0.9557878,1
0.09114384,0
0.9955649,1
0.1282641,0
0.91532815,1
2.4611567e-05,0
0.4763604,1
0.1926628,0
0.64004153,1
0.00756668,0
0.9981445,1
0.00766824,0
0.9993942,1
0.67845416,0
0.95726806,1
0.03782945,0
0.8988811,1
0.00016268,0
0.99648416,1
0.21036455,0
0.90609044,1
0.18517695,0
0.9999944,1
0.05496924,0
0.9958717,1
0.983263,0
0.987832,1
0.6218451,0
0.9983864,1
0.13226444,0
0.9433724,1
0.755269,0
0.9600708,1
1.8180357e-05,0
0.9971756,1
0.15016486,0
0.9911534,1
1.3124956e-08,0
0.9990029,1
0.2137689,0
0.9578493,1
0.01838373,0
0.98568904,1
1.0810629e-05,0
0.99905807,1
0.8455866,0
0.99495345,1
0.97666293,0
0.16884765,1
0.01655946,0
0.9678084,1
0.00113846,0
0.97153294,1
0.84028405,0
0.90927684,1
0.31700885,0
0.9999485,1
0.3019083,0
0.7404504,1
0.02870139,0
0.98935366,1
0.07474533,0
0.9989532,1
0.01628272,0
0.9215581,1
0.0033554,0
0.05668058,1
0.0118647,0
0.86273456,1
0.17373323,0
0.9994394,1
0.01650372,0
0.38481137,1
0.00012415,0
0.99441695,1
1.1325042e-06,0
0.99996996,1
0.17419502,0
0.9937476,1
0.00113484,0
0.99770075,1
0.2056522,0
0.9955023,1
0.17060101,0
0.9326894,1
0.00263026,0
0.9730153,1
3.275281e-06,0
0.99149173,1
2.3958367e-07,0
0.00977304,1
2.9496126e-09,0
0.99285454,1
1.0192154e-05,0
0.9429831,1
0.11077121,0
0.9872432,1
0.14890645,0
0.99520504,1
0.05054517,0
0.00945875,1
0.00722085,0
0.99903023,1
0.02563494,0
0.59922725,1
0.02049157,0
0.04525445,1
0.04679632,0
0.7184811,1
0.05530931,0
0.9976762,1
5.950326e-10,0
0.99911517,1
0.6622371,0
0.9999027,1
0.00740297,0
0.97834384,1
0.0003009,0
0.9998086,1
0.02950927,0
0.99705386,1
0.34540644,0
0.99432194,1
0.00135866,0
0.9428004,1
6.441495e-11,0
0.07465799,1
0.01282443,0
0.9438188,1
0.01215647,0
0.13659386,1
4.418582e-05,0
0.9997633,1
0.6683613,0
0.04284493,1
0.3856265,0
0.99902654,1
0.01360183,0
0.9956904,1
0.03086423,0
0.3215302,1
7.2637905e-09,0
0.70691866,1
0.5026139,0
0.9998449,1
0.0088843,0
0.04421178,1
0.974796,0
0.98123837,1
2.082961e-07,0
0.9997347,1
0.01743012,0
0.9546048,1
1.417728e-06,0
0.41612363,1
0.00077062,0
0.63574755,1
0.6875973,0
0.989016,1
0.19719529,0
0.8806058,1
0.04238141,0
0.2560676,1
0.04090294,0
0.98406017,1
0.72148263,0
0.11803474,1
0.11779803,0
0.97745585,1
0.05556301,0
0.9992865,1
2.0835918e-05,0
0.49913153,1
0.12494444,0
0.99767107,1
0.06699263,0
0.95761317,1
0.2551941,0
0.29050115,1
0.79970205,0
0.99997115,1
2.4975182e-07,0
0.9757918,1
2.0620361e-07,0
0.95041573,1
0.004576,0
0.9994618,1
0.0055445,0
0.7048135,1
0.14352217,0
0.9970503,1
0.00015257,0
0.997207,1
0.22706828,0
0.9956312,1
0.03169352,0
0.99970347,1
0.00088453,0
0.9952998,1
0.00014385,0
0.94702613,1
8.9387663e-07,0
0.99703264,1
0.00040176,0
0.36225265,1
0.00103005,0
0.4488488,1
4.614244e-05,0
0.9998646,1
0.26370946,0
0.9363451,1
0.13948472,0
0.99968994,1
1.430279e-05,0
0.38093746,1
4.7098893e-05,0
0.99001735,1
0.00716894,0
0.9496105,1
0.6041182,0
0.995167,1
0.07836518,0
0.9959363,1
0.00015629,0
0.99997497,1
0.00154353,0
0.9925494,1
0.04897565,0
0.98854685,1
0.0003922,0
0.9931732,1
0.00075896,0
0.6103665,1
0.00033204,0
0.9998567,1
0.13531043,0
0.9961349,1
0.06346098,0
0.99100167,1
0.77418643,0
0.20951591,1
0.00034911,0
0.97678417,1
0.0076652,0
0.9056567,1
0.84698415,0
0.99886394,1
0.05027219,0
0.999448,1
0.0497071,0
0.9843502,1
0.00077038,0
0.9955527,1
0.00119616,0
0.9813312,1
0.02535357,0
0.9886469,1
3.483565e-05,0
0.96469694,1
0.0093987,0
0.74331075,1
0.48046008,0
0.9994863,1
0.01035473,0
0.9892797,1
0.01704373,0
0.68712986,1
0.0061251,0
0.15193787,1
0.00013426,0
0.99525696,1
0.00085614,0
0.26269993,1
0.10776605,0
0.5456732,1
0.00481005,0
0.7008544,1
0.18459639,0
0.99991083,1
0.09292569,0
0.2927598,1
0.99612623,0
0.96793413,1
0.00415307,0
0.9985669,1
0.11839114,0
0.9999355,1
0.79022396,0
0.931349,1
7.0906225e-07,0
0.9647325,1
0.18771264,0
0.9996215,1
0.00081203,0
0.99989355,1
0.1968223,0
0.9026045,1
0.24907574,0
0.9810533,1
0.8980952,0
0.0518233,1
0.09304159,0
0.9925689,1
0.7842147,0
0.9999833,1
0.38948455,0
0.97688055,1
2.760851e-08,0
0.9984073,1
0.00221824,0
0.99974924,1
0.9845909,0
0.6577335,1
0.00188166,0
0.96115994,1
0.05330468,0
0.7076796,1
0.9761247,0
0.02291521,1
0.5067981,0
0.9996076,1
0.9093791,0
0.02544065,1
0.09301055,0
0.99342126,1
0.00384831,0
0.9992156,1
0.06048312,0
0.7618801,1
0.01788732,0
0.9999496,1
0.00452498,0
0.02150744,1
0.98974305,0
0.99970955,1
1.3103017e-06,0
0.99969757,1
0.00074621,0
0.89768684,1
4.862345e-07,0
0.55530703,1
0.69383466,0
0.9881357,1
0.02245163,0
0.9957676,1
0.350133,0
0.74332196,1
0.13965733,0
0.99685895,1
0.21927075,0
0.99925596,1
0.02202663,0
0.99964,1
0.99731076,0
0.99516135,1
0.21272746,0
0.47622845,1
0.01607887,0
0.4359165,1
0.00309351,0
0.9292307,1
9.1810125e-06,0
0.9861115,1
2.8185255e-07,0
0.81272024,1
0.00219317,0
0.99839574,1
0.00374482,0
0.24953657,1
0.00401489,0
0.0147075,1
0.00599838,0
0.57314754,1
0.22055782,0
0.98634756,1
0.16454314,0
0.4542267,1
0.04969256,0
0.93815494,1
2.9987596e-05,0
0.9987876,1
7.557343e-08,0
0.9999716,1
0.35685262,0
0.9002696,1
1.04543725e-08,0
0.59827274,1
1.9992769e-05,0
0.989419,1
1.1210648e-07,0
0.86133504,1
0.01609238,0
0.96764326,1
0.0598185,0
0.32098237,1
0.28389862,0
0.94690096,1
0.05263831,0
0.03076488,1
0.32726413,0
0.9847799,1
0.92673266,0
0.56336814,1
0.1419329,0
0.9707643,1
4.156185e-05,0
0.589339,1
0.01695593,0
0.9998888,1
0.0001388,0
0.9997814,1
0.02749005,0
0.99916816,1
2.4861429e-06,0
0.7298755,1
0.00051653,0
0.99983084,1
0.02956248,0
0.9999939,1
0.39500898,0
0.85403854,1
0.00337341,0
0.5130526,1
2.8921198e-07,0
0.999331,1
0.77410084,0
0.99935037,1
0.3947721,0
0.99854565,1
0.32058263,0
0.42114565,1
0.0459756,0
0.99785703,1
0.173737,0
0.9862899,1
0.02824914,0
0.99922585,1
0.15312019,0
0.9687885,1
0.00423211,0
0.9940461,1
0.9842302,0
0.99961495,1
6.6787916e-06,0
0.17110765,1
0.67656916,0
0.99304456,1
0.32042345,0
0.7331925,1
0.0399291,0
0.0322137,1
2.7450873e-05,0
0.07436426,1
0.2975196,0
0.36277053,1
6.0694107e-05,0
0.9925222,1
0.0230246,0
0.186533,1
0.00582677,0
0.93823415,1
0.02411814,0
0.9977063,1
0.37025556,0
0.8237801,1
0.5849313,0
0.9994711,1
0.00019448,0
0.11021432,1
5.9561236e-05,0
0.37414378,1
3.2651722e-05,0
0.9990482,1
0.01072667,0
0.13895506,1
0.8888288,0
0.9986859,1
0.06791312,0
0.9876208,1
0.01060095,0
0.9965037,1
0.03652458,0
0.9524474,1
0.86988086,0
0.8428626,1
0.0393703,0
0.6902868,1
0.1410477,0
0.17616586,1
0.00055148,0
0.99993324,1
0.05782223,0
0.9522412,1
0.3227214,0
0.74963975,1
0.00468809,0
0.01137414,1
0.06540564,0
0.85549986,1
0.0155184,0
0.9946424,1
1.0620073e-05,0
0.9991493,1
0.0017792,0
0.6700078,1
0.04053571,0
0.29354686,1
0.04388058,0
0.78678685,1
0.01501327,0
0.99040914,1
1.6506219e-07,0
0.9994585,1
0.947761,0
0.9991129,1
0.7413687,0
0.7666986,1
0.02470993,0
0.9764782,1
0.07986625,0
0.7190701,1
0.01779827,0
0.9994412,1
0.01450588,0
0.70679224,1
0.5652102,0
0.99942076,1
0.8875051,0
0.9765855,1
0.00373266,0
0.73830396,1
0.3448398,0
0.9291583,1
0.02491378,0
0.862698,1
0.09353673,0
0.99966526,1
0.10131321,0
0.99970347,1
0.21235916,0
0.9482414,1
0.45702133,0
0.00043879,1
0.03067804,0
0.9708853,1
0.41433865,0
0.87028855,1
0.02603988,0
0.02520533,1
2.444177e-06,0
0.99718285,1
0.05993324,0
0.9999962,1
0.00104736,0
0.99870634,1
0.00267543,0
0.9458185,1
0.00021735,0
0.9956209,1
0.22143055,0
0.9994966,1
0.20017983,0
0.97313017,1
0.0008539,0
0.99336505,1
0.00406836,0
0.89668775,1
3.4421053e-05,0
0.99958867,1
0.01906451,0
0.09638005,1
9.018236e-06,0
0.52442497,1
0.00537835,0
0.9957343,1
0.03692065,0
0.9868314,1
0.00191221,0
0.9974382,1
0.02792335,0
0.55901986,1
0.00254163,0
0.9396442,1
1.7388595e-07,0
0.99864966,1
0.9844147,0
0.44962814,1
2.4737763e-05,0
0.9661943,1
0.04140894,0
0.9943356,1
0.23355104,0
0.9954144,1
0.3435167,0
0.9851323,1
0.00015478,0
0.895939,1
0.22127412,0
0.954338,1
0.02693772,0
0.9983919,1
0.00060952,0
0.5617639,1
0.07979364,0
0.7369661,1
0.6855988,0
0.9997987,1
0.03892541,0
0.9995591,1
0.27871707,0
0.03359167,1
0.02425935,0
0.9869789,1
0.09619388,0
0.9992648,1
0.03281938,0
0.9397357,1
8.13793e-09,0
0.98940325,1
0.02095909,0
0.17461722,1
0.00689019,0
0.99989486,1
0.02776684,0
0.7965662,1
5.925882e-05,0
0.4729083,1
5.105393e-05,0
0.51486695,1
0.35542384,0
0.90218,1
3.399865e-07,0
0.9904073,1
0.06481998,0
0.9762497,1
0.84418523,0
0.9868772,1
0.01476848,0
0.504897,1
0.07848344,0
0.9985946,1
2.6749497e-06,0
0.6670856,1
0.16564481,0
0.8977548,1
3.058815e-07,0
0.99970275,1
0.48361048,0
0.9951389,1
0.05286554,0
0.96811545,1
0.00148241,0
0.99951553,1
4.091018e-05,0
0.85495174,1
0.13580784,0
0.9999622,1
0.17006357,0
0.99635553,1
0.10832562,0
0.8012873,1
0.08986998,0
0.9998944,1
1.0891689e-07,0
0.98086655,1
6.998714e-05,0
0.9983406,1
0.05696482,0
0.9932054,1
5.522833e-06,0
0.9999088,1
0.02958599,0
0.9998857,1
0.03467127,0
0.9971245,1
0.00394954,0
0.73840046,1
0.3621998,0
0.9999335,1
0.3792467,0
0.9972555,1
0.196669,0
0.9807076,1
0.009939,0
0.99966884,1
0.00625967,0
0.99173564,1
0.7176619,0
0.9999192,1
0.13031577,0
0.9995166,1
0.01282572,0
0.69883084,1
0.17286256,0
0.8372857,1
0.00968146,0
0.65122896,1
0.5737262,0
0.9855451,1
0.8825451,0
0.9989729,1
1.5861795e-08,0
0.99877375,1
0.0546949,0
0.9995857,1
0.00816978,0
0.99819857,1
0.19046797,0
0.99934536,1
9.9906785e-05,0
0.8922784,1
0.08813902,0
0.99940324,1
0.0161138,0
0.42697766,1
0.15879591,0
0.58739465,1
0.00152274,0
0.92291784,1
0.00161952,0
0.9944372,1
0.22875573,0
0.9731151,1
1.3188869e-06,0
0.99984944,1
0.17774662,0
0.9988558,1
0.29939312,0
0.39457768,1
0.02023531,0
0.99674267,1
0.01135886,0
0.97646683,1
0.00091821,0
0.9991597,1
1.0647408e-06,0
0.9784882,1
1.535654e-05,0
0.99966073,1
0.1710889,0
0.91706216,1
0.2745305,0
0.9974462,1
0.22397372,0
0.99910825,1
0.0001556,0
0.9957445,1
0.324477,0
0.9997025,1
0.00042235,0
0.9999993,1
0.00452549,0
0.9965771,1
0.31018743,0
0.99646866,1
1.6594086e-07,0
0.99999046,1
0.03705081,0
0.999684,1
0.6535301,0
0.9762515,1
0.00371855,0
0.9811612,1
0.00095045,0
0.69005007,1
0.20513718,0
0.9917675,1
0.4936093,0
0.9998149,1
0.9434989,0
0.9720762,1
0.18125506,0
0.39676094,1
0.00197026,0
0.31147024,1
0.60430163,0
0.9916836,1
0.73164696,0
0.99967885,1
4.8566817e-06,0
0.9475149,1
0.00198102,0
0.99989104,1
0.24000992,0
0.99998903,1
0.00892783,0
0.99948406,1
0.1203573,0
0.99786985,1
0.00835531,0
0.68414885,1
7.725528e-05,0
0.9059411,1
0.51145583,0
0.9284642,1
0.14519642,0
0.6973823,1
0.10579076,0
0.93351525,1
0.00082619,0
0.99606943,1
0.66049117,0
0.99982965,1
0.00067889,0
0.7579739,1
0.10876964,0
0.99669135,1
1.8752446e-05,0
0.97729355,1
0.0292975,0
0.8064106,1
0.01384538,0
0.7141216,1
0.99903667,0
0.06039969,1
0.419217,0
0.30122077,1
0.07370931,0
0.94455636,1
0.92507124,0
0.98618895,1
0.2210051,0
0.99997437,1
3.5990117e-05,0
0.99989426,1
0.01374314,0
0.9816958,1
